2021-02-01,RELIANCE,2021-02-25,1868.0,1909.7,1850.7,1903.4,1906.15,1903.4,52181,24548272000.0,28479750,-733500,1895.3,880250,0.4986,8.100000000000136
2021-02-02,RELIANCE,2021-02-25,1918.0,1949.8,1863.0,1938.65,1947.5,1938.65,79188,37736702000.0,29614250,1134500,1925.8,935500,0.3851,12.850000000000136
2021-02-03,RELIANCE,2021-02-25,1975.0,1975.0,1902.5,1934.7,1931.65,1934.7,55034,26645781000.0,29692500,78250,1930.65,980000,0.3456,4.0499999999999545
2021-02-04,RELIANCE,2021-02-25,1932.05,1947.0,1911.55,1927.85,1925.3,1927.85,33173,16010179999.999998,30231750,539250,1924.3,1028000,0.4576,3.5499999999999545
2021-02-05,RELIANCE,2021-02-25,1932.0,1948.0,1922.5,1932.7,1932.05,1932.7,35589,17221577000.0,30181000,-50750,1923.75,999500,0.3815,8.950000000000045
2021-02-08,RELIANCE,2021-02-25,1936.45,1978.9,1936.45,1958.8,1959.7,1958.8,39787,19525363000.0,29419500,-761500,1951.45,1016250,0.36350000000000005,7.349999999999909
2021-02-09,RELIANCE,2021-02-25,1964.9,1998.95,1956.45,1962.5,1963.25,1962.5,41577,20595220000.0,29049250,-370250,1956.15,1103750,0.37770000000000004,6.349999999999909
2021-02-10,RELIANCE,2021-02-25,1958.6,1987.9,1931.5,1979.0,1985.65,1979.0,43865,21517533000.0,28375500,-673750,1974.3,1145250,0.3705,4.7000000000000455
2021-02-11,RELIANCE,2021-02-25,1971.0,2070.0,1971.0,2063.85,2067.5,2063.85,98786,50187246000.0,28719500,344000,2055.7,1321500,0.30469999999999997,8.150000000000091
2021-02-12,RELIANCE,2021-02-25,2064.9,2081.8,2018.35,2043.6,2043.25,2043.6,61718,31661382000.0,27747250,-972250,2041.6,1492250,0.17379999999999998,2.0
2021-02-15,RELIANCE,2021-02-25,2056.9,2065.0,2030.05,2040.05,2041.5,2040.05,32509,16632772000.0,27315000,-432250,2032.6,1675750,0.1838,7.4500000000000455
2021-02-16,RELIANCE,2021-02-25,2042.05,2087.35,2040.7,2067.3,2066.9,2067.3,47686,24646657000.0,27179000,-136000,2059.5,1999250,0.2457,7.800000000000182
2021-02-17,RELIANCE,2021-02-25,2067.3,2102.0,2055.35,2086.1,2083.35,2086.1,56806,29586258000.0,26897000,-282000,2083.25,2515500,0.2541,2.849999999999909
2021-02-18,RELIANCE,2021-02-25,2052.5,2111.0,2052.5,2070.7,2069.7,2070.7,34026,17767190000.0,26331000,-566000,2067.7,3411500,0.2859,3.0
2021-02-19,RELIANCE,2021-02-25,2067.5,2109.65,2058.75,2084.2,2082.25,2084.2,53750,28102602000.0,24554250,-1776750,2080.3,4924000,0.2805,3.899999999999636
2021-02-22,RELIANCE,2021-02-25,2085.2,2094.0,1995.0,2005.9,1995.0,2005.9,71666,36508672000.0,17265500,-7288750,2008.1,10578000,0.3743,-2.199999999999818
2021-02-23,RELIANCE,2021-02-25,2030.0,2057.0,2015.6,2026.35,2028.0,2026.35,55273,28162665000.000004,11396750,-5868750,2023.45,16250000,0.3737,2.8999999999998636
2021-02-24,RELIANCE,2021-02-25,2029.8,2065.0,2029.75,2060.5,2060.3,2060.5,29100,14913982000.0,7519250,-3877500,2061.0,19339000,0.3911,-0.5
2021-02-25 09:15:00+05:30,2073.75,2082.699951171875,2073.10009765625,2080.0,2080.0,0
2021-02-25 09:16:00+05:30,2080.89990234375,2083.75,2080.449951171875,2083.75,2083.75,80871
2021-02-25 09:17:00+05:30,2083.35009765625,2086.5,2083.199951171875,2086.0,2086.0,93494
2021-02-25 09:18:00+05:30,2086.199951171875,2087.5,2086.050048828125,2086.949951171875,2086.949951171875,71360
2021-02-25 09:19:00+05:30,2086.89990234375,2089.949951171875,2086.550048828125,2088.550048828125,2088.550048828125,70341
2021-02-25 09:20:00+05:30,2089.0,2089.0,2086.0,2086.800048828125,2086.800048828125,65873
2021-02-25 09:21:00+05:30,2086.449951171875,2089.25,2083.550048828125,2089.050048828125,2089.050048828125,71909
2021-02-25 09:22:00+05:30,2089.10009765625,2089.800048828125,2088.449951171875,2088.699951171875,2088.699951171875,47328
2021-02-25 09:23:00+05:30,2088.75,2089.449951171875,2088.0,2088.5,2088.5,58420
2021-02-25 09:24:00+05:30,2088.10009765625,2088.800048828125,2086.39990234375,2086.550048828125,2086.550048828125,42413
2021-02-25 09:25:00+05:30,2087.5,2089.89990234375,2086.699951171875,2089.300048828125,2089.300048828125,62086
2021-02-25 09:26:00+05:30,2089.89990234375,2090.89990234375,2089.5,2090.5,2090.5,97279
2021-02-25 09:27:00+05:30,2091.0,2092.85009765625,2090.75,2092.85009765625,2092.85009765625,63559
2021-02-25 09:28:00+05:30,2092.85009765625,2093.25,2092.0,2093.14990234375,2093.14990234375,75279
2021-02-25 09:29:00+05:30,2093.14990234375,2096.0,2093.050048828125,2095.60009765625,2095.60009765625,78718
2021-02-25 09:30:00+05:30,2095.60009765625,2096.85009765625,2093.5,2093.699951171875,2093.699951171875,51845
2021-02-25 09:31:00+05:30,2093.949951171875,2095.85009765625,2093.85009765625,2094.0,2094.0,52789
2021-02-25 09:32:00+05:30,2094.0,2094.89990234375,2093.35009765625,2094.0,2094.0,30941
2021-02-25 09:33:00+05:30,2094.35009765625,2095.85009765625,2094.050048828125,2095.699951171875,2095.699951171875,28540
2021-02-25 09:34:00+05:30,2095.699951171875,2098.0,2095.699951171875,2097.050048828125,2097.050048828125,74479
2021-02-25 09:35:00+05:30,2097.0,2099.800048828125,2097.0,2099.25,2099.25,84422
2021-02-25 09:36:00+05:30,2099.550048828125,2101.199951171875,2099.25,2100.14990234375,2100.14990234375,144636
2021-02-25 09:37:00+05:30,2100.14990234375,2100.89990234375,2094.800048828125,2095.0,2095.0,87547
2021-02-25 09:38:00+05:30,2095.35009765625,2097.0,2095.050048828125,2095.300048828125,2095.300048828125,44824
2021-02-25 09:39:00+05:30,2095.050048828125,2095.75,2093.35009765625,2094.39990234375,2094.39990234375,41568
2021-02-25 09:40:00+05:30,2094.75,2094.75,2087.699951171875,2089.300048828125,2089.300048828125,87191
2021-02-25 09:41:00+05:30,2089.550048828125,2092.89990234375,2088.35009765625,2089.39990234375,2089.39990234375,90251
2021-02-25 09:42:00+05:30,2089.60009765625,2092.89990234375,2089.60009765625,2092.0,2092.0,27621
2021-02-25 09:43:00+05:30,2091.89990234375,2093.14990234375,2091.699951171875,2093.050048828125,2093.050048828125,28481
2021-02-25 09:44:00+05:30,2093.10009765625,2094.39990234375,2092.0,2092.64990234375,2092.64990234375,33727
2021-02-25 09:45:00+05:30,2092.5,2092.800048828125,2090.10009765625,2090.199951171875,2090.199951171875,34696
2021-02-25 09:46:00+05:30,2090.800048828125,2090.800048828125,2089.35009765625,2089.5,2089.5,27654
2021-02-25 09:47:00+05:30,2089.800048828125,2090.85009765625,2089.5,2090.85009765625,2090.85009765625,19936
2021-02-25 09:48:00+05:30,2090.60009765625,2092.14990234375,2090.25,2090.449951171875,2090.449951171875,29032
2021-02-25 09:49:00+05:30,2090.449951171875,2091.949951171875,2090.449951171875,2091.449951171875,2091.449951171875,13756
2021-02-25 09:50:00+05:30,2091.449951171875,2091.60009765625,2088.050048828125,2088.10009765625,2088.10009765625,77736
2021-02-25 09:51:00+05:30,2088.050048828125,2088.050048828125,2087.0,2087.89990234375,2087.89990234375,38941
2021-02-25 09:52:00+05:30,2087.800048828125,2089.75,2087.800048828125,2088.800048828125,2088.800048828125,27086
2021-02-25 09:53:00+05:30,2089.14990234375,2089.25,2087.949951171875,2087.949951171875,2087.949951171875,17330
2021-02-25 09:54:00+05:30,2088.0,2090.60009765625,2087.949951171875,2090.60009765625,2090.60009765625,19509
2021-02-25 09:55:00+05:30,2090.39990234375,2092.050048828125,2090.25,2092.050048828125,2092.050048828125,21487
2021-02-25 09:56:00+05:30,2091.5,2093.050048828125,2091.0,2093.050048828125,2093.050048828125,37126
2021-02-25 09:57:00+05:30,2093.14990234375,2093.75,2092.050048828125,2093.75,2093.75,16127
2021-02-25 09:58:00+05:30,2093.85009765625,2096.0,2093.85009765625,2094.14990234375,2094.14990234375,38881
2021-02-25 09:59:00+05:30,2094.14990234375,2094.60009765625,2093.050048828125,2094.199951171875,2094.199951171875,17419
2021-02-25 10:00:00+05:30,2094.449951171875,2097.35009765625,2094.449951171875,2096.550048828125,2096.550048828125,40129
2021-02-25 10:01:00+05:30,2096.550048828125,2097.449951171875,2094.64990234375,2095.75,2095.75,32732
2021-02-25 10:02:00+05:30,2095.300048828125,2096.949951171875,2095.10009765625,2096.199951171875,2096.199951171875,15865
2021-02-25 10:03:00+05:30,2096.199951171875,2098.39990234375,2096.199951171875,2098.0,2098.0,36576
2021-02-25 10:04:00+05:30,2098.199951171875,2098.35009765625,2096.60009765625,2096.89990234375,2096.89990234375,25030
2021-02-25 10:05:00+05:30,2096.60009765625,2096.60009765625,2094.050048828125,2095.64990234375,2095.64990234375,22909
2021-02-25 10:06:00+05:30,2095.64990234375,2095.85009765625,2095.0,2095.050048828125,2095.050048828125,8817
2021-02-25 10:07:00+05:30,2095.85009765625,2096.050048828125,2094.800048828125,2095.89990234375,2095.89990234375,21081
2021-02-25 10:08:00+05:30,2096.0,2096.0,2093.89990234375,2094.0,2094.0,19327
2021-02-25 10:09:00+05:30,2094.25,2095.10009765625,2093.64990234375,2094.10009765625,2094.10009765625,15071
2021-02-25 10:10:00+05:30,2094.10009765625,2094.89990234375,2092.5,2093.89990234375,2093.89990234375,14661
2021-02-25 10:11:00+05:30,2093.89990234375,2094.39990234375,2093.050048828125,2093.10009765625,2093.10009765625,15239
2021-02-25 10:12:00+05:30,2093.050048828125,2094.39990234375,2092.699951171875,2093.449951171875,2093.449951171875,16953
2021-02-25 10:13:00+05:30,2093.64990234375,2094.0,2093.0,2093.60009765625,2093.60009765625,8723
2021-02-25 10:14:00+05:30,2093.60009765625,2094.449951171875,2093.0,2093.949951171875,2093.949951171875,17194
2021-02-25 10:15:00+05:30,2094.0,2094.449951171875,2093.5,2093.550048828125,2093.550048828125,11512
2021-02-25 10:16:00+05:30,2093.64990234375,2095.85009765625,2093.64990234375,2095.199951171875,2095.199951171875,22441
2021-02-25 10:17:00+05:30,2095.199951171875,2096.5,2095.10009765625,2096.5,2096.5,17336
2021-02-25 10:18:00+05:30,2096.5,2096.949951171875,2096.39990234375,2096.5,2096.5,12669
2021-02-25 10:19:00+05:30,2096.39990234375,2099.10009765625,2096.300048828125,2097.949951171875,2097.949951171875,71101
2021-02-25 10:20:00+05:30,2098.550048828125,2100.0,2097.14990234375,2097.14990234375,2097.14990234375,64489
2021-02-25 10:21:00+05:30,2098.25,2098.5,2096.10009765625,2096.39990234375,2096.39990234375,19870
2021-02-25 10:22:00+05:30,2096.14990234375,2096.14990234375,2094.699951171875,2094.89990234375,2094.89990234375,17208
2021-02-25 10:23:00+05:30,2094.85009765625,2096.0,2094.800048828125,2094.949951171875,2094.949951171875,19520
2021-02-25 10:24:00+05:30,2094.949951171875,2096.35009765625,2094.85009765625,2096.300048828125,2096.300048828125,11300
2021-02-25 10:25:00+05:30,2096.300048828125,2096.85009765625,2096.0,2096.199951171875,2096.199951171875,6842
2021-02-25 10:26:00+05:30,2096.050048828125,2098.0,2095.949951171875,2097.14990234375,2097.14990234375,18783
2021-02-25 10:27:00+05:30,2097.0,2098.0,2096.64990234375,2097.5,2097.5,20786
2021-02-25 10:28:00+05:30,2097.60009765625,2098.85009765625,2094.60009765625,2095.0,2095.0,26514
2021-02-25 10:29:00+05:30,2094.300048828125,2094.5,2093.0,2093.050048828125,2093.050048828125,32736
2021-02-25 10:30:00+05:30,2092.550048828125,2095.0,2092.550048828125,2094.0,2094.0,15289
2021-02-25 10:31:00+05:30,2094.0,2094.25,2093.5,2093.89990234375,2093.89990234375,18112
2021-02-25 10:32:00+05:30,2093.85009765625,2094.0,2092.60009765625,2093.35009765625,2093.35009765625,16743
2021-02-25 10:33:00+05:30,2093.35009765625,2094.0,2090.60009765625,2090.89990234375,2090.89990234375,26203
2021-02-25 10:34:00+05:30,2091.0,2091.0,2089.25,2089.89990234375,2089.89990234375,32993
2021-02-25 10:35:00+05:30,2089.89990234375,2090.699951171875,2089.85009765625,2090.5,2090.5,18847
2021-02-25 10:36:00+05:30,2090.5,2091.949951171875,2090.5,2091.60009765625,2091.60009765625,13861
2021-02-25 10:37:00+05:30,2091.25,2091.60009765625,2090.0,2090.800048828125,2090.800048828125,14998
2021-02-25 10:38:00+05:30,2090.800048828125,2091.300048828125,2090.39990234375,2091.050048828125,2091.050048828125,12471
2021-02-25 10:39:00+05:30,2091.449951171875,2091.89990234375,2091.0,2091.10009765625,2091.10009765625,11944
2021-02-25 10:40:00+05:30,2091.10009765625,2091.89990234375,2091.0,2091.5,2091.5,9681
2021-02-25 10:41:00+05:30,2091.699951171875,2092.699951171875,2091.550048828125,2092.550048828125,2092.550048828125,10940
2021-02-25 10:42:00+05:30,2092.5,2093.39990234375,2092.300048828125,2093.300048828125,2093.300048828125,13168
2021-02-25 10:43:00+05:30,2093.199951171875,2094.0,2093.0,2093.39990234375,2093.39990234375,11055
2021-02-25 10:44:00+05:30,2094.0,2094.0,2092.89990234375,2092.89990234375,2092.89990234375,11792
2021-02-25 10:45:00+05:30,2092.89990234375,2093.5,2092.550048828125,2093.5,2093.5,7951
2021-02-25 10:46:00+05:30,2093.10009765625,2094.0,2093.10009765625,2094.0,2094.0,13362
2021-02-25 10:47:00+05:30,2094.0,2094.89990234375,2093.0,2093.0,2093.0,21800
2021-02-25 10:48:00+05:30,2093.0,2093.949951171875,2092.89990234375,2093.5,2093.5,8618
2021-02-25 10:49:00+05:30,2093.5,2093.5,2091.75,2092.0,2092.0,14179
2021-02-25 10:50:00+05:30,2092.0,2092.89990234375,2091.5,2092.699951171875,2092.699951171875,11126
2021-02-25 10:51:00+05:30,2092.85009765625,2093.5,2092.5,2093.199951171875,2093.199951171875,7042
2021-02-25 10:52:00+05:30,2093.39990234375,2094.0,2093.199951171875,2093.800048828125,2093.800048828125,4205
2021-02-25 10:53:00+05:30,2093.75,2094.0,2091.75,2091.75,2091.75,13400
2021-02-25 10:54:00+05:30,2091.64990234375,2093.699951171875,2091.64990234375,2093.050048828125,2093.050048828125,7128
2021-02-25 10:55:00+05:30,2093.64990234375,2093.699951171875,2093.0,2093.0,2093.0,6059
2021-02-25 10:56:00+05:30,2093.050048828125,2093.800048828125,2092.89990234375,2093.550048828125,2093.550048828125,6390
2021-02-25 10:57:00+05:30,2093.550048828125,2094.0,2093.5,2093.699951171875,2093.699951171875,5421
2021-02-25 10:58:00+05:30,2093.5,2093.5,2092.25,2092.949951171875,2092.949951171875,7476
2021-02-25 10:59:00+05:30,2093.0,2093.0,2088.5,2089.0,2089.0,38933
2021-02-25 11:00:00+05:30,2088.550048828125,2090.0,2088.39990234375,2090.0,2090.0,11021
2021-02-25 11:01:00+05:30,2089.39990234375,2090.89990234375,2089.39990234375,2090.699951171875,2090.699951171875,7867
2021-02-25 11:02:00+05:30,2090.35009765625,2090.39990234375,2090.0,2090.14990234375,2090.14990234375,9886
2021-02-25 11:03:00+05:30,2090.800048828125,2090.800048828125,2090.5,2090.5,2090.5,6962
2021-02-25 11:04:00+05:30,2090.5,2091.75,2090.5,2091.39990234375,2091.39990234375,15132
2021-02-25 11:05:00+05:30,2092.0,2092.0,2090.449951171875,2091.0,2091.0,13139
2021-02-25 11:06:00+05:30,2090.89990234375,2091.0,2085.10009765625,2085.800048828125,2085.800048828125,86879
2021-02-25 11:07:00+05:30,2086.60009765625,2089.199951171875,2086.10009765625,2088.800048828125,2088.800048828125,15010
2021-02-25 11:08:00+05:30,2088.800048828125,2089.550048828125,2088.64990234375,2089.050048828125,2089.050048828125,13111
2021-02-25 11:09:00+05:30,2089.050048828125,2089.25,2088.949951171875,2089.050048828125,2089.050048828125,10891
2021-02-25 11:10:00+05:30,2089.14990234375,2089.449951171875,2088.199951171875,2088.199951171875,2088.199951171875,10276
2021-02-25 11:11:00+05:30,2088.25,2088.300048828125,2087.0,2087.699951171875,2087.699951171875,21903
2021-02-25 11:12:00+05:30,2087.64990234375,2089.0,2087.64990234375,2089.0,2089.0,5720
2021-02-25 11:13:00+05:30,2089.0,2089.89990234375,2088.60009765625,2089.699951171875,2089.699951171875,10881
2021-02-25 11:14:00+05:30,2090.550048828125,2091.050048828125,2090.199951171875,2090.60009765625,2090.60009765625,15649
2021-02-25 11:15:00+05:30,2090.60009765625,2090.949951171875,2090.199951171875,2090.699951171875,2090.699951171875,11340
2021-02-25 11:16:00+05:30,2090.89990234375,2090.949951171875,2089.25,2089.89990234375,2089.89990234375,14238
2021-02-25 11:17:00+05:30,2089.25,2090.199951171875,2089.0,2090.10009765625,2090.10009765625,12148
2021-02-25 11:18:00+05:30,2089.800048828125,2090.85009765625,2089.800048828125,2090.25,2090.25,6086
2021-02-25 11:19:00+05:30,2090.14990234375,2090.75,2090.14990234375,2090.449951171875,2090.449951171875,3431
2021-02-25 11:20:00+05:30,2090.39990234375,2090.949951171875,2090.39990234375,2090.800048828125,2090.800048828125,5314
2021-02-25 11:21:00+05:30,2090.800048828125,2092.0,2090.75,2091.949951171875,2091.949951171875,15418
2021-02-25 11:22:00+05:30,2091.949951171875,2092.449951171875,2091.25,2091.25,2091.25,13711
2021-02-25 11:23:00+05:30,2091.300048828125,2092.050048828125,2090.5,2091.949951171875,2091.949951171875,8759
2021-02-25 11:24:00+05:30,2091.75,2092.0,2091.25,2091.60009765625,2091.60009765625,4545
2021-02-25 11:25:00+05:30,2091.550048828125,2092.0,2090.800048828125,2091.949951171875,2091.949951171875,8165
2021-02-25 11:26:00+05:30,2091.89990234375,2093.0,2091.39990234375,2092.60009765625,2092.60009765625,9712
2021-02-25 11:27:00+05:30,2092.10009765625,2092.75,2091.85009765625,2092.300048828125,2092.300048828125,6311
2021-02-25 11:28:00+05:30,2092.39990234375,2093.949951171875,2092.10009765625,2093.949951171875,2093.949951171875,8975
2021-02-25 11:29:00+05:30,2093.75,2093.800048828125,2092.89990234375,2093.199951171875,2093.199951171875,8576
2021-02-25 11:30:00+05:30,2093.5,2094.0,2093.0,2093.89990234375,2093.89990234375,11557
2021-02-25 11:31:00+05:30,2094.0,2094.0,2093.0,2093.14990234375,2093.14990234375,7171
2021-02-25 11:32:00+05:30,2093.35009765625,2093.35009765625,2091.550048828125,2092.0,2092.0,11437
2021-02-25 11:33:00+05:30,2092.0,2092.199951171875,2091.64990234375,2091.89990234375,2091.89990234375,7352
2021-02-25 11:34:00+05:30,2091.800048828125,2092.0,2091.14990234375,2091.35009765625,2091.35009765625,7466
2021-02-25 11:35:00+05:30,2091.050048828125,2091.699951171875,2090.39990234375,2090.699951171875,2090.699951171875,10341
2021-02-25 11:36:00+05:30,2090.85009765625,2090.949951171875,2088.5,2088.60009765625,2088.60009765625,16316
2021-02-25 11:37:00+05:30,2089.0,2090.75,2088.300048828125,2090.0,2090.0,10295
2021-02-25 11:38:00+05:30,2089.75,2089.85009765625,2088.300048828125,2089.199951171875,2089.199951171875,12871
2021-02-25 11:39:00+05:30,2089.5,2089.550048828125,2088.5,2088.75,2088.75,5791
2021-02-25 11:40:00+05:30,2088.5,2090.39990234375,2088.5,2090.0,2090.0,9179
2021-02-25 11:41:00+05:30,2090.050048828125,2090.300048828125,2088.199951171875,2088.949951171875,2088.949951171875,7238
2021-02-25 11:42:00+05:30,2088.89990234375,2088.89990234375,2088.10009765625,2088.550048828125,2088.550048828125,9194
2021-02-25 11:43:00+05:30,2088.300048828125,2088.5,2088.0,2088.10009765625,2088.10009765625,18645
2021-02-25 11:44:00+05:30,2088.0,2088.050048828125,2087.14990234375,2087.25,2087.25,25566
2021-02-25 11:45:00+05:30,2087.5,2087.5,2083.199951171875,2084.0,2084.0,66759
2021-02-25 11:46:00+05:30,2084.0,2085.949951171875,2083.89990234375,2085.949951171875,2085.949951171875,15520
2021-02-25 11:47:00+05:30,2085.949951171875,2086.0,2085.300048828125,2085.75,2085.75,13213
2021-02-25 11:48:00+05:30,2085.800048828125,2088.25,2085.0,2088.199951171875,2088.199951171875,24518
2021-02-25 11:49:00+05:30,2087.949951171875,2088.5,2087.949951171875,2088.35009765625,2088.35009765625,8599
2021-02-25 11:50:00+05:30,2088.300048828125,2088.35009765625,2088.0,2088.0,2088.0,9326
2021-02-25 11:51:00+05:30,2087.949951171875,2088.0,2086.449951171875,2086.60009765625,2086.60009765625,7991
2021-02-25 11:52:00+05:30,2086.89990234375,2088.199951171875,2086.550048828125,2088.14990234375,2088.14990234375,8153
2021-02-25 11:53:00+05:30,2088.0,2088.89990234375,2087.949951171875,2088.699951171875,2088.699951171875,8512
2021-02-25 11:54:00+05:30,2088.10009765625,2088.449951171875,2087.89990234375,2088.10009765625,2088.10009765625,5082
2021-02-25 11:55:00+05:30,2088.10009765625,2089.800048828125,2088.0,2089.050048828125,2089.050048828125,11636
2021-02-25 11:56:00+05:30,2089.0,2089.60009765625,2088.60009765625,2089.10009765625,2089.10009765625,5894
2021-02-25 11:57:00+05:30,2089.14990234375,2090.5,2089.0,2090.35009765625,2090.35009765625,12903
2021-02-25 11:58:00+05:30,2090.449951171875,2090.699951171875,2090.0,2090.449951171875,2090.449951171875,16391
2021-02-25 11:59:00+05:30,2090.14990234375,2090.300048828125,2088.0,2088.60009765625,2088.60009765625,15661
2021-02-25 12:00:00+05:30,2088.199951171875,2088.39990234375,2087.699951171875,2087.75,2087.75,5782
2021-02-25 12:01:00+05:30,2087.75,2089.300048828125,2087.75,2088.699951171875,2088.699951171875,5249
2021-02-25 12:02:00+05:30,2088.0,2089.0,2087.449951171875,2087.75,2087.75,8917
2021-02-25 12:03:00+05:30,2087.699951171875,2088.199951171875,2087.35009765625,2087.64990234375,2087.64990234375,5941
2021-02-25 12:04:00+05:30,2087.699951171875,2087.75,2086.199951171875,2086.25,2086.25,13525
2021-02-25 12:05:00+05:30,2086.449951171875,2087.800048828125,2086.0,2087.449951171875,2087.449951171875,8889
2021-02-25 12:06:00+05:30,2087.449951171875,2088.0,2087.35009765625,2087.949951171875,2087.949951171875,5974
2021-02-25 12:07:00+05:30,2087.60009765625,2088.0,2086.85009765625,2087.0,2087.0,5844
2021-02-25 12:08:00+05:30,2087.0,2087.64990234375,2086.800048828125,2087.550048828125,2087.550048828125,4862
2021-02-25 12:09:00+05:30,2087.5,2087.949951171875,2087.0,2087.300048828125,2087.300048828125,6326
2021-02-25 12:10:00+05:30,2087.300048828125,2087.300048828125,2085.300048828125,2085.5,2085.5,17705
2021-02-25 12:11:00+05:30,2085.449951171875,2086.14990234375,2085.0,2086.0,2086.0,7407
2021-02-25 12:12:00+05:30,2085.5,2086.60009765625,2085.449951171875,2086.0,2086.0,10599
2021-02-25 12:13:00+05:30,2085.699951171875,2087.10009765625,2085.699951171875,2086.89990234375,2086.89990234375,6976
2021-02-25 12:14:00+05:30,2086.949951171875,2087.39990234375,2086.14990234375,2086.5,2086.5,9189
2021-02-25 12:15:00+05:30,2086.39990234375,2089.199951171875,2085.699951171875,2088.64990234375,2088.64990234375,20114
2021-02-25 12:16:00+05:30,2088.35009765625,2089.35009765625,2087.0,2087.449951171875,2087.449951171875,7960
2021-02-25 12:17:00+05:30,2087.949951171875,2088.550048828125,2086.949951171875,2088.550048828125,2088.550048828125,8655
2021-02-25 12:18:00+05:30,2088.550048828125,2089.5,2088.5,2088.85009765625,2088.85009765625,5475
2021-02-25 12:19:00+05:30,2088.85009765625,2088.85009765625,2088.199951171875,2088.64990234375,2088.64990234375,3360
2021-02-25 12:20:00+05:30,2088.85009765625,2089.0,2088.5,2088.64990234375,2088.64990234375,3256
2021-02-25 12:21:00+05:30,2088.64990234375,2088.699951171875,2088.14990234375,2088.64990234375,2088.64990234375,5776
2021-02-25 12:22:00+05:30,2088.699951171875,2089.75,2088.60009765625,2089.35009765625,2089.35009765625,9106
2021-02-25 12:23:00+05:30,2089.449951171875,2089.60009765625,2088.60009765625,2088.75,2088.75,17813
2021-02-25 12:24:00+05:30,2088.64990234375,2089.14990234375,2088.199951171875,2088.199951171875,2088.199951171875,13566
2021-02-25 12:25:00+05:30,2088.300048828125,2088.39990234375,2088.050048828125,2088.14990234375,2088.14990234375,5220
2021-02-25 12:26:00+05:30,2088.199951171875,2088.64990234375,2088.10009765625,2088.5,2088.5,5723
2021-02-25 12:27:00+05:30,2088.449951171875,2089.0,2088.14990234375,2088.89990234375,2088.89990234375,10778
2021-02-25 12:28:00+05:30,2088.64990234375,2089.0,2087.25,2088.10009765625,2088.10009765625,13862
2021-02-25 12:29:00+05:30,2088.60009765625,2091.89990234375,2088.10009765625,2091.050048828125,2091.050048828125,43454
2021-02-25 12:30:00+05:30,2090.949951171875,2093.35009765625,2090.39990234375,2092.949951171875,2092.949951171875,18219
2021-02-25 12:31:00+05:30,2093.10009765625,2093.10009765625,2091.949951171875,2092.199951171875,2092.199951171875,19498
2021-02-25 12:32:00+05:30,2092.25,2093.050048828125,2091.0,2091.050048828125,2091.050048828125,14835
2021-02-25 12:33:00+05:30,2091.050048828125,2092.0,2090.949951171875,2091.75,2091.75,6620
2021-02-25 12:34:00+05:30,2091.75,2091.75,2090.449951171875,2090.449951171875,2090.449951171875,10997
2021-02-25 12:35:00+05:30,2090.199951171875,2090.60009765625,2089.25,2089.75,2089.75,8368
2021-02-25 12:36:00+05:30,2089.75,2091.800048828125,2089.699951171875,2091.0,2091.0,6912
2021-02-25 12:37:00+05:30,2091.050048828125,2092.25,2090.89990234375,2091.800048828125,2091.800048828125,6195
2021-02-25 12:38:00+05:30,2092.0,2093.949951171875,2091.800048828125,2093.10009765625,2093.10009765625,19931
2021-02-25 12:39:00+05:30,2093.14990234375,2094.449951171875,2092.800048828125,2094.10009765625,2094.10009765625,25579
2021-02-25 12:40:00+05:30,2094.050048828125,2095.800048828125,2094.050048828125,2095.10009765625,2095.10009765625,38592
2021-02-25 12:41:00+05:30,2095.300048828125,2096.0,2095.300048828125,2096.0,2096.0,20241
2021-02-25 12:42:00+05:30,2096.0,2096.0,2095.14990234375,2095.5,2095.5,17396
2021-02-25 12:43:00+05:30,2095.300048828125,2096.0,2095.199951171875,2096.0,2096.0,17690
2021-02-25 12:44:00+05:30,2095.60009765625,2096.0,2095.0,2095.35009765625,2095.35009765625,25172
2021-02-25 12:45:00+05:30,2095.35009765625,2096.0,2095.199951171875,2095.85009765625,2095.85009765625,10824
2021-02-25 12:46:00+05:30,2095.800048828125,2097.35009765625,2095.800048828125,2097.0,2097.0,21589
2021-02-25 12:47:00+05:30,2097.0,2097.39990234375,2095.0,2095.449951171875,2095.449951171875,15083
2021-02-25 12:48:00+05:30,2095.75,2096.0,2095.0,2095.050048828125,2095.050048828125,7888
2021-02-25 12:49:00+05:30,2095.10009765625,2096.949951171875,2095.050048828125,2096.75,2096.75,13922
2021-02-25 12:50:00+05:30,2096.75,2096.949951171875,2095.949951171875,2096.39990234375,2096.39990234375,10922
2021-02-25 12:51:00+05:30,2096.64990234375,2096.64990234375,2096.0,2096.300048828125,2096.300048828125,12454
2021-02-25 12:52:00+05:30,2096.39990234375,2096.449951171875,2095.949951171875,2096.39990234375,2096.39990234375,6931
2021-02-25 12:53:00+05:30,2096.39990234375,2097.5,2096.0,2097.10009765625,2097.10009765625,14678
2021-02-25 12:54:00+05:30,2097.199951171875,2100.0,2097.14990234375,2099.0,2099.0,85062
2021-02-25 12:55:00+05:30,2099.39990234375,2100.0,2098.35009765625,2099.89990234375,2099.89990234375,83545
2021-02-25 12:56:00+05:30,2099.89990234375,2104.60009765625,2099.60009765625,2104.60009765625,2104.60009765625,270707
2021-02-25 12:57:00+05:30,2104.60009765625,2106.0,2103.35009765625,2105.64990234375,2105.64990234375,153006
2021-02-25 12:58:00+05:30,2104.800048828125,2105.0,2103.550048828125,2104.35009765625,2104.35009765625,62222
2021-02-25 12:59:00+05:30,2104.449951171875,2108.39990234375,2104.300048828125,2107.550048828125,2107.550048828125,88661
2021-02-25 13:00:00+05:30,2107.25,2108.60009765625,2106.85009765625,2107.050048828125,2107.050048828125,56536
2021-02-25 13:01:00+05:30,2107.60009765625,2107.699951171875,2106.5,2107.050048828125,2107.050048828125,42181
2021-02-25 13:02:00+05:30,2107.0,2111.0,2107.0,2111.0,2111.0,176598
2021-02-25 13:03:00+05:30,2111.0,2114.0,2111.0,2112.85009765625,2112.85009765625,126414
2021-02-25 13:04:00+05:30,2112.85009765625,2113.0,2111.25,2111.699951171875,2111.699951171875,44916
2021-02-25 13:05:00+05:30,2111.550048828125,2114.64990234375,2111.550048828125,2114.0,2114.0,75005
2021-02-25 13:06:00+05:30,2113.550048828125,2118.0,2113.5,2118.0,2118.0,106991
2021-02-25 13:07:00+05:30,2118.0,2118.0,2113.10009765625,2113.10009765625,2113.10009765625,72157
2021-02-25 13:08:00+05:30,2114.300048828125,2114.300048828125,2110.35009765625,2110.949951171875,2110.949951171875,69276
2021-02-25 13:09:00+05:30,2111.050048828125,2114.949951171875,2110.699951171875,2114.550048828125,2114.550048828125,43098
2021-02-25 13:10:00+05:30,2114.550048828125,2115.949951171875,2114.050048828125,2115.0,2115.0,44438
2021-02-25 13:11:00+05:30,2114.60009765625,2120.0,2114.60009765625,2120.0,2120.0,158775
2021-02-25 13:12:00+05:30,2119.699951171875,2121.64990234375,2117.89990234375,2118.60009765625,2118.60009765625,167800
2021-02-25 13:13:00+05:30,2118.800048828125,2121.0,2117.25,2120.050048828125,2120.050048828125,66365
2021-02-25 13:14:00+05:30,2120.050048828125,2124.0,2120.050048828125,2124.0,2124.0,86220
2021-02-25 13:15:00+05:30,2123.949951171875,2126.949951171875,2123.949951171875,2125.949951171875,2125.949951171875,182681
2021-02-25 13:16:00+05:30,2125.949951171875,2130.0,2124.199951171875,2130.0,2130.0,142229
2021-02-25 13:17:00+05:30,2130.0,2132.050048828125,2127.14990234375,2131.949951171875,2131.949951171875,168939
2021-02-25 13:18:00+05:30,2132.550048828125,2135.0,2130.39990234375,2130.5,2130.5,123904
2021-02-25 13:19:00+05:30,2131.0,2134.60009765625,2130.0,2132.10009765625,2132.10009765625,116914
2021-02-25 13:20:00+05:30,2133.10009765625,2133.10009765625,2127.5,2130.050048828125,2130.050048828125,88445
2021-02-25 13:21:00+05:30,2130.800048828125,2130.800048828125,2126.60009765625,2127.199951171875,2127.199951171875,45471
2021-02-25 13:22:00+05:30,2126.5,2127.550048828125,2123.75,2127.550048828125,2127.550048828125,89889
2021-02-25 13:23:00+05:30,2127.39990234375,2128.0,2125.0,2126.050048828125,2126.050048828125,49211
2021-02-25 13:24:00+05:30,2126.10009765625,2128.0,2124.050048828125,2127.199951171875,2127.199951171875,48916
2021-02-25 13:25:00+05:30,2127.5,2129.5,2127.10009765625,2128.0,2128.0,32114
2021-02-25 13:26:00+05:30,2127.25,2128.0,2126.0,2126.949951171875,2126.949951171875,30046
2021-02-25 13:27:00+05:30,2126.10009765625,2129.5,2126.0,2128.699951171875,2128.699951171875,53317
2021-02-25 13:28:00+05:30,2128.800048828125,2130.5,2128.60009765625,2129.0,2129.0,61305
2021-02-25 13:29:00+05:30,2129.35009765625,2130.699951171875,2128.89990234375,2130.699951171875,2130.699951171875,50186
2021-02-25 13:30:00+05:30,2130.35009765625,2134.5,2130.35009765625,2131.0,2131.0,106837
2021-02-25 13:31:00+05:30,2131.199951171875,2134.14990234375,2131.0,2132.85009765625,2132.85009765625,63385
2021-02-25 13:32:00+05:30,2132.25,2132.699951171875,2130.0,2130.10009765625,2130.10009765625,42208
2021-02-25 13:33:00+05:30,2130.10009765625,2131.85009765625,2129.0,2131.14990234375,2131.14990234375,45686
2021-02-25 13:34:00+05:30,2130.64990234375,2131.050048828125,2129.60009765625,2129.949951171875,2129.949951171875,40667
2021-02-25 13:35:00+05:30,2129.75,2130.60009765625,2129.0,2129.60009765625,2129.60009765625,40971
2021-02-25 13:36:00+05:30,2129.75,2132.949951171875,2129.050048828125,2132.199951171875,2132.199951171875,49894
2021-02-25 13:37:00+05:30,2133.0,2134.64990234375,2132.449951171875,2133.0,2133.0,68334
2021-02-25 13:38:00+05:30,2133.0,2134.0,2132.39990234375,2133.300048828125,2133.300048828125,28499
2021-02-25 13:39:00+05:30,2133.25,2139.35009765625,2133.25,2138.35009765625,2138.35009765625,241976
2021-02-25 13:40:00+05:30,2138.0,2138.949951171875,2135.199951171875,2138.949951171875,2138.949951171875,68805
2021-02-25 13:41:00+05:30,2138.5,2140.0,2138.25,2138.550048828125,2138.550048828125,76922
2021-02-25 13:42:00+05:30,2138.949951171875,2139.60009765625,2136.89990234375,2136.89990234375,2136.89990234375,48265
2021-02-25 13:43:00+05:30,2136.949951171875,2137.85009765625,2136.0,2137.699951171875,2137.699951171875,35414
2021-02-25 13:44:00+05:30,2136.5,2137.5,2131.800048828125,2132.60009765625,2132.60009765625,120036
2021-02-25 13:45:00+05:30,2132.14990234375,2134.699951171875,2132.14990234375,2133.5,2133.5,33055
2021-02-25 13:46:00+05:30,2133.550048828125,2136.0,2133.5,2136.0,2136.0,38449
2021-02-25 13:47:00+05:30,2136.0,2136.0,2133.050048828125,2133.800048828125,2133.800048828125,41652
2021-02-25 13:48:00+05:30,2133.949951171875,2135.0,2133.10009765625,2134.199951171875,2134.199951171875,31701
2021-02-25 13:49:00+05:30,2133.35009765625,2134.5,2131.64990234375,2133.10009765625,2133.10009765625,45379
2021-02-25 13:50:00+05:30,2133.10009765625,2136.35009765625,2133.0,2136.050048828125,2136.050048828125,42958
2021-02-25 13:51:00+05:30,2136.39990234375,2136.39990234375,2134.5,2134.89990234375,2134.89990234375,34733
2021-02-25 13:52:00+05:30,2134.89990234375,2135.0,2132.60009765625,2133.800048828125,2133.800048828125,32155
2021-02-25 13:53:00+05:30,2133.14990234375,2134.0,2131.199951171875,2132.14990234375,2132.14990234375,30193
2021-02-25 13:54:00+05:30,2132.14990234375,2134.35009765625,2131.5,2133.75,2133.75,34587
2021-02-25 13:55:00+05:30,2133.75,2135.85009765625,2133.75,2134.89990234375,2134.89990234375,21232
2021-02-25 13:56:00+05:30,2134.89990234375,2137.800048828125,2134.85009765625,2137.800048828125,2137.800048828125,41309
2021-02-25 13:57:00+05:30,2137.75,2138.949951171875,2137.5,2137.699951171875,2137.699951171875,37462
2021-02-25 13:58:00+05:30,2137.699951171875,2138.449951171875,2136.300048828125,2137.25,2137.25,30337
2021-02-25 13:59:00+05:30,2137.25,2139.0,2136.39990234375,2136.550048828125,2136.550048828125,44303
2021-02-25 14:00:00+05:30,2136.39990234375,2136.39990234375,2133.0,2135.10009765625,2135.10009765625,53770
2021-02-25 14:01:00+05:30,2134.800048828125,2135.85009765625,2133.89990234375,2133.89990234375,2133.89990234375,23020
2021-02-25 14:02:00+05:30,2133.85009765625,2133.85009765625,2131.050048828125,2131.75,2131.75,43783
2021-02-25 14:03:00+05:30,2132.0,2134.5,2132.0,2134.5,2134.5,27710
2021-02-25 14:04:00+05:30,2134.449951171875,2135.5,2133.60009765625,2133.949951171875,2133.949951171875,22552
2021-02-25 14:05:00+05:30,2134.25,2135.75,2134.0,2134.14990234375,2134.14990234375,21378
2021-02-25 14:06:00+05:30,2134.5,2134.5,2132.300048828125,2132.35009765625,2132.35009765625,25169
2021-02-25 14:07:00+05:30,2132.35009765625,2133.85009765625,2132.35009765625,2133.39990234375,2133.39990234375,13894
2021-02-25 14:08:00+05:30,2133.39990234375,2135.0,2133.25,2134.699951171875,2134.699951171875,22875
2021-02-25 14:09:00+05:30,2134.699951171875,2135.0,2134.550048828125,2134.800048828125,2134.800048828125,13874
2021-02-25 14:10:00+05:30,2134.89990234375,2136.35009765625,2134.800048828125,2135.85009765625,2135.85009765625,21717
2021-02-25 14:11:00+05:30,2135.800048828125,2138.0,2135.75,2137.800048828125,2137.800048828125,30065
2021-02-25 14:12:00+05:30,2137.300048828125,2139.0,2137.300048828125,2139.0,2139.0,32636
2021-02-25 14:13:00+05:30,2138.800048828125,2142.10009765625,2138.800048828125,2142.0,2142.0,211528
2021-02-25 14:14:00+05:30,2142.050048828125,2144.0,2142.0,2143.199951171875,2143.199951171875,106143
2021-02-25 14:15:00+05:30,2143.10009765625,2143.699951171875,2140.550048828125,2142.0,2142.0,61071
2021-02-25 14:16:00+05:30,2142.85009765625,2143.39990234375,2140.64990234375,2141.050048828125,2141.050048828125,43214
2021-02-25 14:17:00+05:30,2141.0,2141.0,2139.10009765625,2140.0,2140.0,52487
2021-02-25 14:18:00+05:30,2140.0,2140.0,2139.0,2139.0,2139.0,29507
2021-02-25 14:19:00+05:30,2139.199951171875,2140.0,2138.0,2139.199951171875,2139.199951171875,41371
2021-02-25 14:20:00+05:30,2139.199951171875,2140.5,2139.199951171875,2140.050048828125,2140.050048828125,35744
2021-02-25 14:21:00+05:30,2140.5,2143.0,2140.5,2142.699951171875,2142.699951171875,35968
2021-02-25 14:22:00+05:30,2143.449951171875,2145.0,2142.949951171875,2145.0,2145.0,78824
2021-02-25 14:23:00+05:30,2144.89990234375,2145.89990234375,2141.5,2142.10009765625,2142.10009765625,77738
2021-02-25 14:24:00+05:30,2142.0,2146.0,2142.0,2145.949951171875,2145.949951171875,59975
2021-02-25 14:25:00+05:30,2145.300048828125,2148.0,2145.300048828125,2146.699951171875,2146.699951171875,92763
2021-02-25 14:26:00+05:30,2146.89990234375,2147.89990234375,2145.10009765625,2147.5,2147.5,63128
2021-02-25 14:27:00+05:30,2147.60009765625,2149.5,2147.10009765625,2147.10009765625,2147.10009765625,95814
2021-02-25 14:28:00+05:30,2147.949951171875,2149.39990234375,2146.14990234375,2149.39990234375,2149.39990234375,56970
2021-02-25 14:29:00+05:30,2149.199951171875,2150.0,2145.449951171875,2146.199951171875,2146.199951171875,138527
2021-02-25 14:30:00+05:30,2147.0,2149.35009765625,2146.14990234375,2148.0,2148.0,56448
2021-02-25 14:31:00+05:30,2148.25,2150.0,2147.39990234375,2150.0,2150.0,92483
2021-02-25 14:32:00+05:30,2149.85009765625,2150.85009765625,2147.39990234375,2147.800048828125,2147.800048828125,227314
2021-02-25 14:33:00+05:30,2148.0,2148.0,2145.60009765625,2146.800048828125,2146.800048828125,66618
2021-02-25 14:34:00+05:30,2146.35009765625,2147.60009765625,2143.0,2143.0,2143.0,85882
2021-02-25 14:35:00+05:30,2142.64990234375,2148.0,2142.64990234375,2146.89990234375,2146.89990234375,44074
2021-02-25 14:36:00+05:30,2147.300048828125,2148.64990234375,2147.14990234375,2147.85009765625,2147.85009765625,42386
2021-02-25 14:37:00+05:30,2147.14990234375,2150.0,2147.10009765625,2150.0,2150.0,58952
2021-02-25 14:38:00+05:30,2149.949951171875,2152.0,2149.35009765625,2150.550048828125,2150.550048828125,105512
2021-02-25 14:39:00+05:30,2151.199951171875,2151.199951171875,2149.0,2149.89990234375,2149.89990234375,54237
2021-02-25 14:40:00+05:30,2149.85009765625,2150.050048828125,2148.60009765625,2149.85009765625,2149.85009765625,51792
2021-02-25 14:41:00+05:30,2149.85009765625,2152.0,2149.85009765625,2151.949951171875,2151.949951171875,55000
2021-02-25 14:42:00+05:30,2151.39990234375,2151.699951171875,2150.39990234375,2150.449951171875,2150.449951171875,43869
2021-02-25 14:43:00+05:30,2150.800048828125,2150.949951171875,2149.0,2149.60009765625,2149.60009765625,49056
2021-02-25 14:44:00+05:30,2149.60009765625,2150.0,2148.800048828125,2149.39990234375,2149.39990234375,41789
2021-02-25 14:45:00+05:30,2149.5,2149.949951171875,2149.0,2149.199951171875,2149.199951171875,22884
2021-02-25 14:46:00+05:30,2149.0,2149.550048828125,2146.0,2146.0,2146.0,43667
2021-02-25 14:47:00+05:30,2146.0,2146.25,2143.0,2143.35009765625,2143.35009765625,80235
2021-02-25 14:48:00+05:30,2143.10009765625,2147.75,2143.10009765625,2146.39990234375,2146.39990234375,49218
2021-02-25 14:49:00+05:30,2145.300048828125,2146.39990234375,2144.300048828125,2145.0,2145.0,27260
2021-02-25 14:50:00+05:30,2145.300048828125,2145.89990234375,2141.39990234375,2141.39990234375,2141.39990234375,47725
2021-02-25 14:51:00+05:30,2141.050048828125,2143.0,2140.60009765625,2142.60009765625,2142.60009765625,52538
2021-02-25 14:52:00+05:30,2143.0,2143.0,2141.0,2141.949951171875,2141.949951171875,35927
2021-02-25 14:53:00+05:30,2141.800048828125,2145.0,2141.800048828125,2144.89990234375,2144.89990234375,36828
2021-02-25 14:54:00+05:30,2144.800048828125,2145.89990234375,2144.0,2144.0,2144.0,30715
2021-02-25 14:55:00+05:30,2143.800048828125,2144.0,2142.5,2143.14990234375,2143.14990234375,27476
2021-02-25 14:56:00+05:30,2143.550048828125,2143.699951171875,2141.0,2141.050048828125,2141.050048828125,35996
2021-02-25 14:57:00+05:30,2141.050048828125,2142.699951171875,2140.0,2141.25,2141.25,76733
2021-02-25 14:58:00+05:30,2141.050048828125,2142.89990234375,2141.050048828125,2142.300048828125,2142.300048828125,27441
2021-02-25 14:59:00+05:30,2142.0,2142.14990234375,2140.199951171875,2141.14990234375,2141.14990234375,43452
2021-02-25 15:00:00+05:30,2141.35009765625,2145.89990234375,2141.14990234375,2141.550048828125,2141.550048828125,92232
2021-02-25 15:01:00+05:30,2141.550048828125,2141.550048828125,2138.14990234375,2138.25,2138.25,116727
2021-02-25 15:02:00+05:30,2138.0,2138.35009765625,2135.199951171875,2135.64990234375,2135.64990234375,118539
2021-02-25 15:03:00+05:30,2135.699951171875,2141.0,2135.699951171875,2140.0,2140.0,84400
2021-02-25 15:04:00+05:30,2139.64990234375,2142.0,2139.550048828125,2140.75,2140.75,66697
2021-02-25 15:05:00+05:30,2140.699951171875,2140.699951171875,2138.35009765625,2138.85009765625,2138.85009765625,61996
2021-02-25 15:06:00+05:30,2138.85009765625,2143.800048828125,2138.800048828125,2143.800048828125,2143.800048828125,66124
2021-02-25 15:07:00+05:30,2143.64990234375,2146.85009765625,2143.64990234375,2144.39990234375,2144.39990234375,91238
2021-02-25 15:08:00+05:30,2144.449951171875,2144.449951171875,2143.5,2143.800048828125,2143.800048828125,53738
2021-02-25 15:09:00+05:30,2143.800048828125,2147.64990234375,2143.64990234375,2145.35009765625,2145.35009765625,76661
2021-02-25 15:10:00+05:30,2145.0,2145.60009765625,2140.5,2140.5,2140.5,99227
2021-02-25 15:11:00+05:30,2140.449951171875,2142.89990234375,2139.699951171875,2142.10009765625,2142.10009765625,119935
2021-02-25 15:12:00+05:30,2141.85009765625,2142.300048828125,2140.5,2140.800048828125,2140.800048828125,51903
2021-02-25 15:13:00+05:30,2140.39990234375,2143.199951171875,2140.39990234375,2143.0,2143.0,65267
2021-02-25 15:14:00+05:30,2143.199951171875,2143.75,2142.949951171875,2143.35009765625,2143.35009765625,74098
2021-02-25 15:15:00+05:30,2142.800048828125,2145.0,2142.10009765625,2144.800048828125,2144.800048828125,84092
2021-02-25 15:16:00+05:30,2144.800048828125,2146.800048828125,2144.0,2144.35009765625,2144.35009765625,89739
2021-02-25 15:17:00+05:30,2144.35009765625,2145.64990234375,2144.050048828125,2144.89990234375,2144.89990234375,71537
2021-02-25 15:18:00+05:30,2144.0,2147.10009765625,2143.10009765625,2146.60009765625,2146.60009765625,116825
2021-02-25 15:19:00+05:30,2146.949951171875,2146.949951171875,2145.300048828125,2146.39990234375,2146.39990234375,70974
2021-02-25 15:20:00+05:30,2146.550048828125,2148.0,2145.300048828125,2145.64990234375,2145.64990234375,93447
2021-02-25 15:21:00+05:30,2146.10009765625,2150.0,2144.10009765625,2144.35009765625,2144.35009765625,282580
2021-02-25 15:22:00+05:30,2144.550048828125,2147.0,2144.550048828125,2146.699951171875,2146.699951171875,45051
2021-02-25 15:23:00+05:30,2146.699951171875,2149.64990234375,2145.75,2149.449951171875,2149.449951171875,79580
2021-02-25 15:24:00+05:30,2149.64990234375,2149.64990234375,2147.89990234375,2148.0,2148.0,73859
2021-02-25 15:25:00+05:30,2148.0,2149.0,2147.89990234375,2147.949951171875,2147.949951171875,77491
2021-02-25 15:26:00+05:30,2147.89990234375,2147.949951171875,2146.949951171875,2147.0,2147.0,65154
2021-02-25 15:27:00+05:30,2146.949951171875,2148.0,2146.800048828125,2148.0,2148.0,81668
2021-02-25 15:28:00+05:30,2148.0,2149.0,2147.25,2148.0,2148.0,60080
2021-02-25 15:29:00+05:30,2148.949951171875,2148.949951171875,2146.75,2148.89990234375,2148.89990234375,31740
