2021-02-01,SHREECEM,2021-02-25,23097.95,24739.8,22741.15,24598.6,24587.1,24598.6,2525,2991250000.0,134700,-19750,24543.6,1700,0.3134,55.0
2021-02-02,SHREECEM,2021-02-25,24650.0,26699.45,24501.0,26461.3,26430.0,26461.3,3474,4483580000.0,133250,-1450,26432.55,1600,0.292,28.75
2021-02-03,SHREECEM,2021-02-25,26400.0,26699.6,25871.95,26094.25,26080.0,26094.25,1817,2387264000.0,130450,-2800,25994.4,1700,0.18600000000000003,99.84999999999854
2021-02-04,SHREECEM,2021-02-25,25888.3,27334.0,25811.6,27129.05,27300.0,27129.05,2195,2931847000.0,130850,400,27091.0,1950,0.22469999999999998,38.04999999999927
2021-02-05,SHREECEM,2021-02-25,27374.0,27375.75,26661.0,26756.55,26770.0,26756.55,1325,1786543999.9999998,125450,-5400,26722.85,1900,0.0866,33.70000000000073
2021-02-08,SHREECEM,2021-02-25,26949.9,28273.0,26763.85,27984.8,27941.05,27984.8,2117,2935535000.0,124600,-850,28022.2,2400,0.2854,-37.400000000001455
2021-02-09,SHREECEM,2021-02-25,27737.55,28558.3,27677.65,28162.9,28270.05,28162.9,1777,2500837000.0,131400,6800,28165.8,2500,0.2505,-2.899999999997817
2021-02-10,SHREECEM,2021-02-25,28287.35,28592.7,27851.65,28299.85,28349.65,28299.85,1558,2197037000.0,141200,9800,28293.75,2850,0.1612,6.099999999998545
2021-02-11,SHREECEM,2021-02-25,28164.25,28624.15,28050.0,28410.6,28278.25,28410.6,1066,1509146000.0,141850,650,28344.2,3850,0.12090000000000001,66.39999999999782
2021-02-12,SHREECEM,2021-02-25,28215.2,28584.6,27857.35,28084.75,28140.95,28084.75,1144,1614215000.0,143400,1550,27965.85,4000,0.1462,118.90000000000146
2021-02-15,SHREECEM,2021-02-25,28253.7,28959.95,28250.0,28746.9,28747.95,28746.9,1240,1775481000.0000002,143500,100,28653.25,4550,0.1388,93.65000000000146
2021-02-16,SHREECEM,2021-02-25,28740.95,29149.95,28525.0,28648.2,28720.0,28648.2,1291,1860829000.0,141950,-1550,28597.4,5050,0.2206,50.79999999999927
2021-02-17,SHREECEM,2021-02-25,28585.1,28866.45,28270.1,28364.5,28402.75,28364.5,706,1008161000.0,140600,-1350,28268.5,6300,0.17120000000000002,96.0
2021-02-18,SHREECEM,2021-02-25,28535.2,28535.2,27441.3,27716.85,27815.5,27716.85,852,1187301000.0,139700,-900,27623.35,8200,0.2082,93.5
2021-02-19,SHREECEM,2021-02-25,27834.1,27910.6,26809.45,27634.85,27634.4,27634.85,2142,2923728000.0,135250,-4450,27542.45,12950,0.1833,92.39999999999782
2021-02-22,SHREECEM,2021-02-25,27629.05,27818.5,27067.15,27133.8,27067.15,27133.8,962,1318289000.0,112700,-22550,27090.85,32050,0.1528,42.95000000000073
2021-02-23,SHREECEM,2021-02-25,27290.4,27612.55,26871.0,27288.55,27371.7,27288.55,1606,2184154000.0,75450,-37250,27260.35,75000,0.1421,28.200000000000728
2021-02-24,SHREECEM,2021-02-25,27406.75,27800.15,27011.35,27671.7,27792.45,27671.7,552,755828000.0,62900,-12550,27553.0,90200,0.31010000000000004,118.70000000000073
2021-02-25 09:15:00+05:30,27550.099609375,27740.0,27550.099609375,27634.900390625,27634.900390625,0
2021-02-25 09:16:00+05:30,27692.19921875,27721.599609375,27617.900390625,27677.599609375,27677.599609375,395
2021-02-25 09:17:00+05:30,27675.349609375,27684.099609375,27600.150390625,27684.099609375,27684.099609375,225
2021-02-25 09:18:00+05:30,27700.0,27750.0,27628.44921875,27728.900390625,27728.900390625,563
2021-02-25 09:19:00+05:30,27673.05078125,27761.5,27673.05078125,27691.849609375,27691.849609375,507
2021-02-25 09:20:00+05:30,27691.849609375,27802.650390625,27691.849609375,27800.0,27800.0,650
2021-02-25 09:21:00+05:30,27782.55078125,27783.150390625,27723.94921875,27730.05078125,27730.05078125,320
2021-02-25 09:22:00+05:30,27730.05078125,27781.349609375,27701.5,27701.5,27701.5,230
2021-02-25 09:23:00+05:30,27715.400390625,27760.0,27700.05078125,27722.44921875,27722.44921875,309
2021-02-25 09:24:00+05:30,27720.0,27720.0,27703.0,27705.0,27705.0,135
2021-02-25 09:25:00+05:30,27705.0,27783.05078125,27705.0,27779.849609375,27779.849609375,158
2021-02-25 09:26:00+05:30,27777.5,27800.0,27750.44921875,27772.80078125,27772.80078125,266
2021-02-25 09:27:00+05:30,27772.80078125,27777.44921875,27751.349609375,27769.0,27769.0,106
2021-02-25 09:28:00+05:30,27755.05078125,27787.44921875,27727.650390625,27727.650390625,27727.650390625,184
2021-02-25 09:29:00+05:30,27727.650390625,27765.849609375,27712.94921875,27764.69921875,27764.69921875,176
2021-02-25 09:30:00+05:30,27764.69921875,27791.400390625,27764.69921875,27785.400390625,27785.400390625,142
2021-02-25 09:31:00+05:30,27780.0,27780.0,27733.349609375,27733.349609375,27733.349609375,93
2021-02-25 09:32:00+05:30,27730.0,27819.849609375,27727.5,27806.849609375,27806.849609375,371
2021-02-25 09:33:00+05:30,27815.0,27860.0,27815.0,27850.0,27850.0,458
2021-02-25 09:34:00+05:30,27842.44921875,27865.0,27840.75,27865.0,27865.0,233
2021-02-25 09:35:00+05:30,27860.0,27879.849609375,27860.0,27870.0,27870.0,177
2021-02-25 09:36:00+05:30,27870.0,27877.900390625,27861.05078125,27871.69921875,27871.69921875,126
2021-02-25 09:37:00+05:30,27871.69921875,27871.69921875,27831.19921875,27831.400390625,27831.400390625,91
2021-02-25 09:38:00+05:30,27831.5,27839.94921875,27820.0,27827.5,27827.5,120
2021-02-25 09:39:00+05:30,27819.0,27819.099609375,27752.150390625,27752.150390625,27752.150390625,259
2021-02-25 09:40:00+05:30,27752.150390625,27752.150390625,27702.05078125,27703.0,27703.0,188
2021-02-25 09:41:00+05:30,27716.19921875,27824.94921875,27703.0,27796.44921875,27796.44921875,405
2021-02-25 09:42:00+05:30,27798.55078125,27827.25,27798.55078125,27799.94921875,27799.94921875,168
2021-02-25 09:43:00+05:30,27799.94921875,27812.30078125,27735.0,27748.150390625,27748.150390625,414
2021-02-25 09:44:00+05:30,27735.5,27767.55078125,27715.80078125,27715.80078125,27715.80078125,140
2021-02-25 09:45:00+05:30,27715.75,27797.400390625,27702.05078125,27770.0,27770.0,338
2021-02-25 09:46:00+05:30,27760.0,27777.5,27715.0,27729.94921875,27729.94921875,205
2021-02-25 09:47:00+05:30,27729.94921875,27762.400390625,27720.0,27762.400390625,27762.400390625,115
2021-02-25 09:48:00+05:30,27762.849609375,27796.599609375,27752.55078125,27762.5,27762.5,69
2021-02-25 09:49:00+05:30,27760.0,27781.400390625,27760.0,27781.349609375,27781.349609375,65
2021-02-25 09:50:00+05:30,27742.0,27781.349609375,27720.05078125,27725.0,27725.0,104
2021-02-25 09:51:00+05:30,27722.05078125,27736.94921875,27722.0,27730.0,27730.0,25
2021-02-25 09:52:00+05:30,27730.0,27730.0,27723.599609375,27727.94921875,27727.94921875,134
2021-02-25 09:53:00+05:30,27723.599609375,27727.94921875,27715.0,27715.0,27715.0,388
2021-02-25 09:54:00+05:30,27710.900390625,27710.900390625,27659.05078125,27660.05078125,27660.05078125,245
2021-02-25 09:55:00+05:30,27660.0,27713.94921875,27650.0,27689.099609375,27689.099609375,183
2021-02-25 09:56:00+05:30,27689.0,27700.0,27670.150390625,27670.25,27670.25,81
2021-02-25 09:57:00+05:30,27670.30078125,27670.30078125,27660.0,27669.0,27669.0,175
2021-02-25 09:58:00+05:30,27670.5,27678.349609375,27651.5,27662.900390625,27662.900390625,62
2021-02-25 09:59:00+05:30,27662.55078125,27662.849609375,27642.0,27642.0,27642.0,173
2021-02-25 10:00:00+05:30,27640.05078125,27650.0,27612.849609375,27621.44921875,27621.44921875,150
2021-02-25 10:01:00+05:30,27617.69921875,27630.599609375,27602.55078125,27602.55078125,27602.55078125,79
2021-02-25 10:02:00+05:30,27602.650390625,27638.099609375,27601.5,27615.05078125,27615.05078125,154
2021-02-25 10:03:00+05:30,27610.349609375,27617.849609375,27600.0,27600.5,27600.5,358
2021-02-25 10:04:00+05:30,27600.5,27632.5,27592.849609375,27632.5,27632.5,379
2021-02-25 10:05:00+05:30,27642.0,27642.0,27600.55078125,27600.55078125,27600.55078125,35
2021-02-25 10:06:00+05:30,27600.599609375,27638.650390625,27580.5,27638.650390625,27638.650390625,345
2021-02-25 10:07:00+05:30,27637.0,27637.0,27610.349609375,27610.349609375,27610.349609375,31
2021-02-25 10:08:00+05:30,27624.75,27625.0,27602.05078125,27602.05078125,27602.05078125,118
2021-02-25 10:09:00+05:30,27611.05078125,27611.05078125,27580.5,27585.0,27585.0,49
2021-02-25 10:10:00+05:30,27585.0,27614.94921875,27581.0,27600.599609375,27600.599609375,121
2021-02-25 10:11:00+05:30,27600.650390625,27614.94921875,27583.0,27590.25,27590.25,109
2021-02-25 10:12:00+05:30,27590.400390625,27609.5,27590.400390625,27590.400390625,27590.400390625,87
2021-02-25 10:13:00+05:30,27592.5,27624.75,27583.0,27602.5,27602.5,109
2021-02-25 10:14:00+05:30,27609.0,27624.75,27603.0,27615.0,27615.0,74
2021-02-25 10:15:00+05:30,27603.0,27624.0,27585.05078125,27592.05078125,27592.05078125,138
2021-02-25 10:16:00+05:30,27597.650390625,27597.94921875,27585.25,27589.900390625,27589.900390625,187
2021-02-25 10:17:00+05:30,27590.55078125,27599.0,27590.5,27599.0,27599.0,64
2021-02-25 10:18:00+05:30,27607.5,27653.69921875,27607.5,27633.099609375,27633.099609375,239
2021-02-25 10:19:00+05:30,27637.900390625,27655.0,27637.80078125,27642.650390625,27642.650390625,95
2021-02-25 10:20:00+05:30,27652.75,27660.0,27630.0,27660.0,27660.0,113
2021-02-25 10:21:00+05:30,27648.25,27675.0,27648.25,27650.0,27650.0,139
2021-02-25 10:22:00+05:30,27657.75,27657.75,27625.05078125,27630.0,27630.0,60
2021-02-25 10:23:00+05:30,27630.0,27637.19921875,27605.0,27605.0,27605.0,57
2021-02-25 10:24:00+05:30,27601.94921875,27630.0,27586.0,27591.0,27591.0,162
2021-02-25 10:25:00+05:30,27600.0,27645.349609375,27600.0,27645.349609375,27645.349609375,119
2021-02-25 10:26:00+05:30,27631.80078125,27659.599609375,27631.80078125,27659.599609375,27659.599609375,111
2021-02-25 10:27:00+05:30,27665.0,27670.0,27620.5,27635.19921875,27635.19921875,107
2021-02-25 10:28:00+05:30,27640.0,27644.55078125,27608.0,27632.30078125,27632.30078125,83
2021-02-25 10:29:00+05:30,27632.30078125,27663.80078125,27601.400390625,27617.099609375,27617.099609375,245
2021-02-25 10:30:00+05:30,27602.5,27617.55078125,27602.5,27605.05078125,27605.05078125,31
2021-02-25 10:31:00+05:30,27605.05078125,27615.349609375,27605.05078125,27615.0,27615.0,49
2021-02-25 10:32:00+05:30,27605.0,27605.0,27585.0,27590.0,27590.0,246
2021-02-25 10:33:00+05:30,27585.0,27587.5,27580.5,27580.5,27580.5,72
2021-02-25 10:34:00+05:30,27580.5,27580.5,27555.0,27555.05078125,27555.05078125,256
2021-02-25 10:35:00+05:30,27562.30078125,27584.349609375,27562.30078125,27584.349609375,27584.349609375,56
2021-02-25 10:36:00+05:30,27589.0,27590.0,27584.349609375,27589.69921875,27589.69921875,90
2021-02-25 10:37:00+05:30,27589.69921875,27589.69921875,27584.25,27584.25,27584.25,57
2021-02-25 10:38:00+05:30,27584.25,27584.25,27570.400390625,27571.0,27571.0,23
2021-02-25 10:39:00+05:30,27571.0,27571.0,27552.0,27552.0,27552.0,45
2021-02-25 10:40:00+05:30,27550.0,27552.0,27527.0,27535.94921875,27535.94921875,257
2021-02-25 10:41:00+05:30,27544.94921875,27579.75,27527.0,27579.75,27579.75,208
2021-02-25 10:42:00+05:30,27579.599609375,27583.0,27561.25,27561.25,27561.25,73
2021-02-25 10:43:00+05:30,27561.25,27563.0,27555.05078125,27559.05078125,27559.05078125,55
2021-02-25 10:44:00+05:30,27559.05078125,27559.05078125,27540.0,27540.0,27540.0,31
2021-02-25 10:45:00+05:30,27540.0,27553.30078125,27540.0,27540.05078125,27540.05078125,17
2021-02-25 10:46:00+05:30,27540.05078125,27557.900390625,27540.05078125,27548.55078125,27548.55078125,90
2021-02-25 10:47:00+05:30,27550.0,27573.900390625,27550.0,27559.0,27559.0,94
2021-02-25 10:48:00+05:30,27558.05078125,27559.94921875,27548.55078125,27559.0,27559.0,35
2021-02-25 10:49:00+05:30,27558.05078125,27558.05078125,27548.0,27553.650390625,27553.650390625,34
2021-02-25 10:50:00+05:30,27549.0,27553.0,27548.0,27553.0,27553.0,148
2021-02-25 10:51:00+05:30,27545.05078125,27557.94921875,27545.05078125,27550.0,27550.0,8
2021-02-25 10:52:00+05:30,27550.0,27550.400390625,27540.0,27540.0,27540.0,26
2021-02-25 10:53:00+05:30,27540.0,27557.0,27536.30078125,27557.0,27557.0,85
2021-02-25 10:54:00+05:30,27542.650390625,27542.69921875,27542.650390625,27542.69921875,27542.69921875,12
2021-02-25 10:55:00+05:30,27542.69921875,27547.5,27520.0,27524.94921875,27524.94921875,131
2021-02-25 10:56:00+05:30,27520.0,27545.650390625,27515.0,27545.650390625,27545.650390625,142
2021-02-25 10:57:00+05:30,27560.0,27570.349609375,27554.349609375,27557.650390625,27557.650390625,95
2021-02-25 10:58:00+05:30,27545.0,27558.0,27515.0,27515.0,27515.0,44
2021-02-25 10:59:00+05:30,27515.0,27522.80078125,27515.0,27522.80078125,27522.80078125,85
2021-02-25 11:00:00+05:30,27515.0,27529.30078125,27515.0,27516.0,27516.0,21
2021-02-25 11:01:00+05:30,27517.0,27535.0,27517.0,27530.25,27530.25,66
2021-02-25 11:02:00+05:30,27530.25,27535.0,27527.650390625,27532.44921875,27532.44921875,58
2021-02-25 11:03:00+05:30,27525.400390625,27532.849609375,27525.400390625,27525.400390625,27525.400390625,11
2021-02-25 11:04:00+05:30,27525.400390625,27532.849609375,27525.400390625,27526.0,27526.0,24
2021-02-25 11:05:00+05:30,27520.0,27523.0,27517.0,27517.0,27517.0,24
2021-02-25 11:06:00+05:30,27520.0,27535.0,27517.0,27532.900390625,27532.900390625,136
2021-02-25 11:07:00+05:30,27517.5,27532.80078125,27517.5,27525.0,27525.0,27
2021-02-25 11:08:00+05:30,27510.0,27513.0,27502.650390625,27502.650390625,27502.650390625,91
2021-02-25 11:09:00+05:30,27502.650390625,27525.0,27502.650390625,27518.650390625,27518.650390625,163
2021-02-25 11:10:00+05:30,27530.849609375,27530.849609375,27518.650390625,27527.900390625,27527.900390625,20
2021-02-25 11:11:00+05:30,27518.650390625,27527.900390625,27518.0,27522.94921875,27522.94921875,91
2021-02-25 11:12:00+05:30,27522.94921875,27522.94921875,27502.80078125,27502.80078125,27502.80078125,134
2021-02-25 11:13:00+05:30,27502.80078125,27505.05078125,27501.0,27501.099609375,27501.099609375,64
2021-02-25 11:14:00+05:30,27501.099609375,27505.400390625,27500.0,27500.0,27500.0,162
2021-02-25 11:15:00+05:30,27500.0,27500.5,27500.0,27500.5,27500.5,0
2021-02-25 11:16:00+05:30,27500.5,27502.900390625,27500.5,27500.5,27500.5,60
2021-02-25 11:17:00+05:30,27500.5,27510.0,27500.0,27500.0,27500.0,139
2021-02-25 11:18:00+05:30,27505.0,27505.0,27452.0,27452.0,27452.0,132
2021-02-25 11:19:00+05:30,27436.05078125,27461.599609375,27432.099609375,27461.599609375,27461.599609375,284
2021-02-25 11:20:00+05:30,27461.599609375,27482.75,27450.25,27470.0,27470.0,52
2021-02-25 11:21:00+05:30,27467.94921875,27470.0,27450.44921875,27465.400390625,27465.400390625,36
2021-02-25 11:22:00+05:30,27465.349609375,27465.349609375,27440.0,27440.0,27440.0,38
2021-02-25 11:23:00+05:30,27434.94921875,27455.05078125,27434.94921875,27455.05078125,27455.05078125,147
2021-02-25 11:24:00+05:30,27463.0,27470.0,27451.05078125,27460.0,27460.0,73
2021-02-25 11:25:00+05:30,27470.0,27472.150390625,27460.0,27472.150390625,27472.150390625,35
2021-02-25 11:26:00+05:30,27472.900390625,27485.0,27472.900390625,27473.30078125,27473.30078125,19
2021-02-25 11:27:00+05:30,27474.0,27484.55078125,27474.0,27474.0,27474.0,24
2021-02-25 11:28:00+05:30,27475.0,27475.0,27460.0,27460.0,27460.0,96
2021-02-25 11:29:00+05:30,27460.0,27460.0,27460.0,27460.0,27460.0,23
2021-02-25 11:30:00+05:30,27460.0,27461.0,27440.150390625,27440.150390625,27440.150390625,47
2021-02-25 11:31:00+05:30,27440.0,27446.25,27427.400390625,27432.0,27432.0,69
2021-02-25 11:32:00+05:30,27425.0,27431.900390625,27415.0,27416.80078125,27416.80078125,74
2021-02-25 11:33:00+05:30,27431.099609375,27431.099609375,27416.849609375,27416.849609375,27416.849609375,52
2021-02-25 11:34:00+05:30,27420.099609375,27422.44921875,27410.30078125,27410.30078125,27410.30078125,81
2021-02-25 11:35:00+05:30,27410.5,27427.44921875,27410.5,27425.0,27425.0,108
2021-02-25 11:36:00+05:30,27416.25,27420.0,27413.0,27414.0,27414.0,25
2021-02-25 11:37:00+05:30,27414.0,27415.099609375,27403.0,27403.0,27403.0,151
2021-02-25 11:38:00+05:30,27410.0,27410.0,27400.0,27400.099609375,27400.099609375,159
2021-02-25 11:39:00+05:30,27400.0,27404.5,27385.0,27385.0,27385.0,107
2021-02-25 11:40:00+05:30,27380.0,27432.0,27374.0,27414.80078125,27414.80078125,364
2021-02-25 11:41:00+05:30,27414.80078125,27427.30078125,27414.80078125,27417.0,27417.0,13
2021-02-25 11:42:00+05:30,27417.0,27421.0,27417.0,27421.0,27421.0,20
2021-02-25 11:43:00+05:30,27417.0,27420.94921875,27417.0,27417.0,27417.0,25
2021-02-25 11:44:00+05:30,27417.0,27417.5,27410.0,27417.5,27417.5,39
2021-02-25 11:45:00+05:30,27400.0,27400.0,27375.0,27388.30078125,27388.30078125,188
2021-02-25 11:46:00+05:30,27387.5,27410.0,27387.5,27389.05078125,27389.05078125,30
2021-02-25 11:47:00+05:30,27390.30078125,27412.55078125,27379.75,27380.650390625,27380.650390625,140
2021-02-25 11:48:00+05:30,27381.0,27394.94921875,27380.650390625,27380.650390625,27380.650390625,34
2021-02-25 11:49:00+05:30,27394.599609375,27394.599609375,27380.0,27380.0,27380.0,52
2021-02-25 11:50:00+05:30,27380.0,27389.599609375,27375.0,27378.69921875,27378.69921875,33
2021-02-25 11:51:00+05:30,27375.0,27379.0,27375.0,27375.0,27375.0,48
2021-02-25 11:52:00+05:30,27375.0,27379.099609375,27367.5,27367.5,27367.5,250
2021-02-25 11:53:00+05:30,27371.0,27377.05078125,27360.94921875,27360.94921875,27360.94921875,23
2021-02-25 11:54:00+05:30,27355.0,27370.349609375,27355.0,27370.25,27370.25,110
2021-02-25 11:55:00+05:30,27370.349609375,27397.94921875,27362.150390625,27392.5,27392.5,132
2021-02-25 11:56:00+05:30,27375.400390625,27392.80078125,27373.0,27375.44921875,27375.44921875,25
2021-02-25 11:57:00+05:30,27375.25,27376.0,27358.849609375,27376.0,27376.0,76
2021-02-25 11:58:00+05:30,27390.0,27390.0,27371.80078125,27372.55078125,27372.55078125,25
2021-02-25 11:59:00+05:30,27372.69921875,27372.849609375,27350.05078125,27350.05078125,27350.05078125,41
2021-02-25 12:00:00+05:30,27350.0,27374.80078125,27350.0,27374.80078125,27374.80078125,126
2021-02-25 12:01:00+05:30,27355.69921875,27390.0,27355.69921875,27372.55078125,27372.55078125,174
2021-02-25 12:02:00+05:30,27370.0,27370.0,27364.099609375,27365.900390625,27365.900390625,5
2021-02-25 12:03:00+05:30,27366.0,27366.0,27355.69921875,27360.349609375,27360.349609375,47
2021-02-25 12:04:00+05:30,27355.69921875,27356.900390625,27355.69921875,27356.900390625,27356.900390625,14
2021-02-25 12:05:00+05:30,27356.900390625,27384.94921875,27356.900390625,27384.94921875,27384.94921875,107
2021-02-25 12:06:00+05:30,27385.19921875,27399.349609375,27377.55078125,27377.55078125,27377.55078125,69
2021-02-25 12:07:00+05:30,27394.400390625,27394.400390625,27380.349609375,27392.30078125,27392.30078125,12
2021-02-25 12:08:00+05:30,27380.349609375,27380.349609375,27350.900390625,27350.900390625,27350.900390625,104
2021-02-25 12:09:00+05:30,27350.900390625,27359.150390625,27350.0,27350.0,27350.0,40
2021-02-25 12:10:00+05:30,27350.0,27350.0,27317.44921875,27349.94921875,27349.94921875,164
2021-02-25 12:11:00+05:30,27334.099609375,27349.94921875,27332.75,27335.0,27335.0,23
2021-02-25 12:12:00+05:30,27344.55078125,27344.599609375,27322.80078125,27322.80078125,27322.80078125,32
2021-02-25 12:13:00+05:30,27322.849609375,27341.80078125,27322.849609375,27330.0,27330.0,72
2021-02-25 12:14:00+05:30,27330.0,27358.0,27326.0,27352.0,27352.0,96
2021-02-25 12:15:00+05:30,27371.0,27384.900390625,27367.400390625,27382.55078125,27382.55078125,56
2021-02-25 12:16:00+05:30,27368.650390625,27382.55078125,27357.5,27357.5,27357.5,52
2021-02-25 12:17:00+05:30,27351.150390625,27380.849609375,27351.150390625,27365.19921875,27365.19921875,190
2021-02-25 12:18:00+05:30,27395.0,27430.30078125,27395.0,27430.30078125,27430.30078125,147
2021-02-25 12:19:00+05:30,27430.30078125,27430.30078125,27411.599609375,27411.599609375,27411.599609375,13
2021-02-25 12:20:00+05:30,27412.099609375,27477.05078125,27395.05078125,27432.150390625,27432.150390625,654
2021-02-25 12:21:00+05:30,27442.5,27465.05078125,27407.150390625,27439.19921875,27439.19921875,373
2021-02-25 12:22:00+05:30,27426.05078125,27494.849609375,27426.05078125,27474.55078125,27474.55078125,377
2021-02-25 12:23:00+05:30,27460.75,27474.5,27450.0,27450.0,27450.0,27
2021-02-25 12:24:00+05:30,27450.0,27460.0,27450.0,27460.0,27460.0,56
2021-02-25 12:25:00+05:30,27450.150390625,27459.94921875,27440.0,27440.0,27440.0,114
2021-02-25 12:26:00+05:30,27425.0,27433.099609375,27425.0,27429.94921875,27429.94921875,47
2021-02-25 12:27:00+05:30,27429.94921875,27433.099609375,27429.94921875,27433.099609375,27433.099609375,50
2021-02-25 12:28:00+05:30,27437.5,27490.0,27437.5,27470.400390625,27470.400390625,184
2021-02-25 12:29:00+05:30,27441.44921875,27460.94921875,27421.55078125,27460.94921875,27460.94921875,114
2021-02-25 12:30:00+05:30,27444.94921875,27444.94921875,27427.44921875,27439.0,27439.0,68
2021-02-25 12:31:00+05:30,27425.30078125,27444.30078125,27425.30078125,27431.94921875,27431.94921875,11
2021-02-25 12:32:00+05:30,27436.900390625,27436.900390625,27413.94921875,27425.349609375,27425.349609375,81
2021-02-25 12:33:00+05:30,27414.0,27419.900390625,27410.0,27410.400390625,27410.400390625,41
2021-02-25 12:34:00+05:30,27457.5,27462.849609375,27410.0,27410.0,27410.0,413
2021-02-25 12:35:00+05:30,27450.80078125,27457.349609375,27421.099609375,27440.349609375,27440.349609375,86
2021-02-25 12:36:00+05:30,27435.349609375,27435.349609375,27410.0,27410.0,27410.0,14
2021-02-25 12:37:00+05:30,27420.30078125,27420.30078125,27420.30078125,27420.30078125,27420.30078125,0
2021-02-25 12:38:00+05:30,27410.0,27415.19921875,27401.0,27401.0,27401.0,38
2021-02-25 12:39:00+05:30,27400.349609375,27424.80078125,27396.0,27417.5,27417.5,116
2021-02-25 12:40:00+05:30,27417.5,27422.5,27417.5,27417.5,27417.5,8
2021-02-25 12:42:00+05:30,27400.0,27400.0,27396.0,27396.0,27396.0,20
2021-02-25 12:43:00+05:30,27390.0,27390.0,27372.5,27375.0,27375.0,48
2021-02-25 12:44:00+05:30,27370.05078125,27370.05078125,27330.5,27330.5,27330.5,97
2021-02-25 12:45:00+05:30,27330.150390625,27373.599609375,27330.150390625,27365.400390625,27365.400390625,182
2021-02-25 12:46:00+05:30,27365.400390625,27365.400390625,27365.400390625,27365.400390625,27365.400390625,1
2021-02-25 12:47:00+05:30,27355.94921875,27355.94921875,27331.30078125,27342.150390625,27342.150390625,25
2021-02-25 12:48:00+05:30,27331.349609375,27342.55078125,27331.349609375,27342.55078125,27342.55078125,107
2021-02-25 12:49:00+05:30,27354.94921875,27354.94921875,27342.55078125,27348.75,27348.75,0
2021-02-25 12:50:00+05:30,27347.30078125,27347.30078125,27333.0,27343.0,27343.0,50
2021-02-25 12:51:00+05:30,27338.05078125,27361.150390625,27333.0,27361.05078125,27361.05078125,68
2021-02-25 12:52:00+05:30,27361.05078125,27361.05078125,27344.5,27361.0,27361.0,15
2021-02-25 12:53:00+05:30,27352.80078125,27352.80078125,27335.0,27344.69921875,27344.69921875,30
2021-02-25 12:54:00+05:30,27344.69921875,27344.69921875,27344.69921875,27344.69921875,27344.69921875,13
2021-02-25 12:55:00+05:30,27340.80078125,27372.69921875,27340.80078125,27357.5,27357.5,74
2021-02-25 12:56:00+05:30,27359.900390625,27359.900390625,27349.44921875,27349.44921875,27349.44921875,28
2021-02-25 12:57:00+05:30,27349.44921875,27367.30078125,27349.44921875,27367.30078125,27367.30078125,54
2021-02-25 12:58:00+05:30,27367.30078125,27367.30078125,27353.900390625,27360.94921875,27360.94921875,31
2021-02-25 12:59:00+05:30,27360.94921875,27360.94921875,27353.900390625,27353.900390625,27353.900390625,12
2021-02-25 13:00:00+05:30,27356.94921875,27356.94921875,27345.0,27356.55078125,27356.55078125,51
2021-02-25 13:01:00+05:30,27345.0,27356.5,27345.0,27356.44921875,27356.44921875,4
2021-02-25 13:02:00+05:30,27356.44921875,27356.94921875,27345.0,27356.94921875,27356.94921875,57
2021-02-25 13:03:00+05:30,27356.94921875,27356.94921875,27346.0,27356.94921875,27356.94921875,12
2021-02-25 13:04:00+05:30,27347.5,27356.94921875,27347.5,27356.94921875,27356.94921875,49
2021-02-25 13:05:00+05:30,27356.94921875,27356.94921875,27335.0,27349.94921875,27349.94921875,97
2021-02-25 13:06:00+05:30,27333.849609375,27348.349609375,27302.44921875,27302.5,27302.5,264
2021-02-25 13:07:00+05:30,27318.849609375,27318.849609375,27300.0,27303.5,27303.5,100
2021-02-25 13:08:00+05:30,27301.75,27301.75,27270.0,27270.400390625,27270.400390625,222
2021-02-25 13:09:00+05:30,27267.44921875,27270.349609375,27249.94921875,27267.80078125,27267.80078125,192
2021-02-25 13:10:00+05:30,27267.80078125,27309.94921875,27260.05078125,27300.0,27300.0,154
2021-02-25 13:11:00+05:30,27300.0,27300.0,27276.0,27289.0,27289.0,43
2021-02-25 13:12:00+05:30,27287.19921875,27287.599609375,27285.5,27285.5,27285.5,84
2021-02-25 13:13:00+05:30,27288.0,27344.19921875,27288.0,27326.5,27326.5,126
2021-02-25 13:14:00+05:30,27333.150390625,27333.19921875,27306.0,27306.05078125,27306.05078125,24
2021-02-25 13:15:00+05:30,27313.30078125,27325.0,27310.099609375,27325.0,27325.0,72
2021-02-25 13:16:00+05:30,27325.0,27325.0,27324.94921875,27324.94921875,27324.94921875,7
2021-02-25 13:17:00+05:30,27321.25,27321.25,27318.650390625,27318.650390625,27318.650390625,9
2021-02-25 13:18:00+05:30,27318.650390625,27337.900390625,27312.400390625,27324.099609375,27324.099609375,59
2021-02-25 13:19:00+05:30,27324.849609375,27339.650390625,27324.849609375,27333.0,27333.0,4
2021-02-25 13:20:00+05:30,27332.5,27339.0,27325.25,27339.0,27339.0,39
2021-02-25 13:21:00+05:30,27338.94921875,27339.900390625,27331.69921875,27332.650390625,27332.650390625,16
2021-02-25 13:22:00+05:30,27332.849609375,27350.0,27332.80078125,27350.0,27350.0,63
2021-02-25 13:23:00+05:30,27360.0,27366.80078125,27340.0,27355.0,27355.0,149
2021-02-25 13:24:00+05:30,27397.30078125,27397.30078125,27315.19921875,27315.19921875,27315.19921875,336
2021-02-25 13:25:00+05:30,27331.25,27332.150390625,27331.25,27332.150390625,27332.150390625,64
2021-02-25 13:26:00+05:30,27302.849609375,27318.80078125,27302.849609375,27318.69921875,27318.69921875,26
2021-02-25 13:27:00+05:30,27318.69921875,27318.69921875,27280.0,27280.0,27280.0,95
2021-02-25 13:28:00+05:30,27275.0,27332.150390625,27270.0,27332.150390625,27332.150390625,299
2021-02-25 13:29:00+05:30,27317.75,27329.400390625,27317.75,27327.80078125,27327.80078125,8
2021-02-25 13:30:00+05:30,27350.0,27350.0,27316.55078125,27342.80078125,27342.80078125,201
2021-02-25 13:31:00+05:30,27340.400390625,27375.0,27340.400390625,27375.0,27375.0,111
2021-02-25 13:32:00+05:30,27375.0,27382.55078125,27363.30078125,27363.30078125,27363.30078125,87
2021-02-25 13:33:00+05:30,27367.44921875,27410.0,27367.44921875,27402.5,27402.5,459
2021-02-25 13:34:00+05:30,27409.94921875,27456.69921875,27391.55078125,27437.0,27437.0,476
2021-02-25 13:35:00+05:30,27437.0,27468.94921875,27416.150390625,27467.94921875,27467.94921875,216
2021-02-25 13:36:00+05:30,27450.400390625,27490.0,27450.400390625,27452.150390625,27452.150390625,120
2021-02-25 13:37:00+05:30,27462.650390625,27462.650390625,27410.0,27429.900390625,27429.900390625,47
2021-02-25 13:38:00+05:30,27429.94921875,27429.94921875,27410.0,27410.0,27410.0,22
2021-02-25 13:39:00+05:30,27412.55078125,27460.05078125,27412.55078125,27456.55078125,27456.55078125,236
2021-02-25 13:40:00+05:30,27415.25,27434.44921875,27410.05078125,27426.849609375,27426.849609375,34
2021-02-25 13:41:00+05:30,27410.05078125,27426.69921875,27410.05078125,27420.0,27420.0,2
2021-02-25 13:42:00+05:30,27426.75,27426.75,27389.94921875,27393.19921875,27393.19921875,248
2021-02-25 13:43:00+05:30,27405.80078125,27426.0,27393.55078125,27426.0,27426.0,143
2021-02-25 13:44:00+05:30,27426.0,27426.0,27404.650390625,27404.650390625,27404.650390625,94
2021-02-25 13:45:00+05:30,27395.0,27404.650390625,27395.0,27400.150390625,27400.150390625,189
2021-02-25 13:46:00+05:30,27440.0,27440.0,27415.19921875,27420.05078125,27420.05078125,125
2021-02-25 13:47:00+05:30,27418.650390625,27450.30078125,27418.650390625,27450.30078125,27450.30078125,241
2021-02-25 13:48:00+05:30,27456.55078125,27460.0,27415.30078125,27415.30078125,27415.30078125,249
2021-02-25 13:49:00+05:30,27415.30078125,27437.150390625,27415.30078125,27437.150390625,27437.150390625,90
2021-02-25 13:50:00+05:30,27450.0,27450.0,27433.650390625,27444.400390625,27444.400390625,102
2021-02-25 13:51:00+05:30,27450.0,27457.55078125,27409.30078125,27418.349609375,27418.349609375,194
2021-02-25 13:52:00+05:30,27419.94921875,27420.349609375,27380.0,27380.0,27380.0,28
2021-02-25 13:53:00+05:30,27380.0,27412.0,27380.0,27404.099609375,27404.099609375,113
2021-02-25 13:54:00+05:30,27388.0,27403.94921875,27380.0,27403.94921875,27403.94921875,303
2021-02-25 13:55:00+05:30,27383.05078125,27395.400390625,27383.05078125,27395.400390625,27395.400390625,48
2021-02-25 13:56:00+05:30,27395.400390625,27395.400390625,27365.0,27372.0,27372.0,146
2021-02-25 13:57:00+05:30,27372.0,27384.94921875,27360.0,27384.94921875,27384.94921875,102
2021-02-25 13:58:00+05:30,27380.0,27380.400390625,27380.0,27380.0,27380.0,5
2021-02-25 13:59:00+05:30,27375.0,27379.80078125,27351.05078125,27351.05078125,27351.05078125,21
2021-02-25 14:00:00+05:30,27351.05078125,27400.0,27325.349609375,27400.0,27400.0,218
2021-02-25 14:01:00+05:30,27399.0,27399.0,27381.650390625,27382.19921875,27382.19921875,72
2021-02-25 14:02:00+05:30,27382.19921875,27395.0,27360.5,27395.0,27395.0,146
2021-02-25 14:03:00+05:30,27395.0,27400.150390625,27390.0,27400.150390625,27400.150390625,220
2021-02-25 14:04:00+05:30,27392.5,27392.5,27392.0,27392.0,27392.0,0
2021-02-25 14:05:00+05:30,27391.849609375,27391.849609375,27377.69921875,27377.69921875,27377.69921875,10
2021-02-25 14:06:00+05:30,27375.0,27388.150390625,27352.900390625,27369.55078125,27369.55078125,173
2021-02-25 14:07:00+05:30,27375.0,27380.0,27370.099609375,27380.0,27380.0,50
2021-02-25 14:08:00+05:30,27380.0,27440.900390625,27380.0,27426.0,27426.0,183
2021-02-25 14:09:00+05:30,27439.94921875,27440.0,27410.0,27410.400390625,27410.400390625,161
2021-02-25 14:10:00+05:30,27442.75,27442.75,27414.150390625,27424.94921875,27424.94921875,89
2021-02-25 14:11:00+05:30,27417.44921875,27417.44921875,27400.0,27403.94921875,27403.94921875,47
2021-02-25 14:12:00+05:30,27387.55078125,27403.0,27385.099609375,27385.099609375,27385.099609375,11
2021-02-25 14:13:00+05:30,27402.94921875,27402.94921875,27375.0,27384.44921875,27384.44921875,34
2021-02-25 14:14:00+05:30,27375.0,27375.0,27360.0,27370.0,27370.0,49
2021-02-25 14:15:00+05:30,27350.400390625,27387.44921875,27350.400390625,27378.0,27378.0,142
2021-02-25 14:16:00+05:30,27372.69921875,27372.69921875,27350.0,27350.0,27350.0,231
2021-02-25 14:17:00+05:30,27345.0,27345.0,27330.0,27333.05078125,27333.05078125,105
2021-02-25 14:18:00+05:30,27328.94921875,27350.0,27328.94921875,27341.650390625,27341.650390625,111
2021-02-25 14:19:00+05:30,27350.0,27350.0,27316.099609375,27316.099609375,27316.099609375,74
2021-02-25 14:20:00+05:30,27321.599609375,27377.5,27321.599609375,27360.05078125,27360.05078125,106
2021-02-25 14:21:00+05:30,27373.849609375,27410.400390625,27360.44921875,27403.55078125,27403.55078125,434
2021-02-25 14:22:00+05:30,27403.55078125,27419.900390625,27365.0,27365.0,27365.0,84
2021-02-25 14:23:00+05:30,27370.400390625,27375.94921875,27370.400390625,27375.94921875,27375.94921875,45
2021-02-25 14:24:00+05:30,27390.0,27420.0,27390.0,27420.0,27420.0,118
2021-02-25 14:25:00+05:30,27430.0,27435.94921875,27380.0,27380.0,27380.0,141
2021-02-25 14:26:00+05:30,27377.5,27439.900390625,27377.5,27397.25,27397.25,186
2021-02-25 14:27:00+05:30,27395.0,27395.0,27388.44921875,27394.94921875,27394.94921875,8
2021-02-25 14:28:00+05:30,27394.94921875,27394.94921875,27394.900390625,27394.900390625,27394.900390625,8
2021-02-25 14:29:00+05:30,27394.900390625,27429.099609375,27385.099609375,27385.099609375,27385.099609375,160
2021-02-25 14:30:00+05:30,27390.400390625,27424.900390625,27390.400390625,27424.19921875,27424.19921875,160
2021-02-25 14:31:00+05:30,27402.099609375,27450.0,27389.599609375,27450.0,27450.0,405
2021-02-25 14:32:00+05:30,27450.0,27451.349609375,27415.400390625,27436.400390625,27436.400390625,111
2021-02-25 14:33:00+05:30,27413.05078125,27450.0,27413.05078125,27430.0,27430.0,100
2021-02-25 14:34:00+05:30,27430.0,27439.94921875,27414.0,27414.0,27414.0,169
2021-02-25 14:35:00+05:30,27423.19921875,27423.19921875,27402.0,27419.94921875,27419.94921875,0
2021-02-25 14:36:00+05:30,27419.94921875,27419.94921875,27402.0,27402.0,27402.0,18
2021-02-25 14:37:00+05:30,27388.0,27449.900390625,27373.650390625,27449.900390625,27449.900390625,249
2021-02-25 14:38:00+05:30,27450.0,27450.0,27430.099609375,27450.0,27450.0,108
2021-02-25 14:39:00+05:30,27449.94921875,27457.69921875,27445.19921875,27449.94921875,27449.94921875,275
2021-02-25 14:40:00+05:30,27449.94921875,27467.55078125,27449.94921875,27467.55078125,27467.55078125,89
2021-02-25 14:41:00+05:30,27484.0,27490.150390625,27472.400390625,27475.400390625,27475.400390625,167
2021-02-25 14:42:00+05:30,27475.25,27490.0,27462.55078125,27462.55078125,27462.55078125,97
2021-02-25 14:43:00+05:30,27477.80078125,27490.0,27477.80078125,27487.900390625,27487.900390625,87
2021-02-25 14:44:00+05:30,27487.900390625,27494.5,27480.0,27480.400390625,27480.400390625,103
2021-02-25 14:45:00+05:30,27480.80078125,27480.80078125,27460.05078125,27460.05078125,27460.05078125,92
2021-02-25 14:46:00+05:30,27468.0,27468.0,27468.0,27468.0,27468.0,13
2021-02-25 14:47:00+05:30,27465.349609375,27469.599609375,27451.0,27451.0,27451.0,95
2021-02-25 14:48:00+05:30,27458.0,27476.0,27450.650390625,27476.0,27476.0,141
2021-02-25 14:49:00+05:30,27480.0,27492.0,27480.0,27490.0,27490.0,94
2021-02-25 14:50:00+05:30,27495.0,27520.150390625,27492.099609375,27519.349609375,27519.349609375,306
2021-02-25 14:51:00+05:30,27519.150390625,27519.150390625,27484.55078125,27484.55078125,27484.55078125,108
2021-02-25 14:52:00+05:30,27487.55078125,27499.80078125,27480.0,27498.94921875,27498.94921875,25
2021-02-25 14:53:00+05:30,27499.349609375,27520.0,27499.0,27520.0,27520.0,153
2021-02-25 14:54:00+05:30,27518.44921875,27540.0,27518.44921875,27538.599609375,27538.599609375,281
2021-02-25 14:55:00+05:30,27539.0,27540.0,27480.0,27480.0,27480.0,201
2021-02-25 14:56:00+05:30,27480.0,27498.05078125,27480.0,27493.0,27493.0,219
2021-02-25 14:57:00+05:30,27493.0,27497.349609375,27457.55078125,27478.900390625,27478.900390625,284
2021-02-25 14:58:00+05:30,27477.900390625,27497.0,27450.0,27460.400390625,27460.400390625,162
2021-02-25 14:59:00+05:30,27460.099609375,27464.80078125,27450.0,27460.400390625,27460.400390625,130
2021-02-25 15:00:00+05:30,27460.400390625,27485.0,27450.0,27450.0,27450.0,325
2021-02-25 15:01:00+05:30,27450.0,27479.94921875,27450.0,27477.80078125,27477.80078125,157
2021-02-25 15:02:00+05:30,27477.55078125,27478.849609375,27430.05078125,27460.0,27460.0,160
2021-02-25 15:03:00+05:30,27476.69921875,27484.94921875,27463.0,27480.30078125,27480.30078125,356
2021-02-25 15:04:00+05:30,27479.94921875,27487.599609375,27442.0,27442.099609375,27442.099609375,226
2021-02-25 15:05:00+05:30,27445.05078125,27454.75,27420.400390625,27438.30078125,27438.30078125,309
2021-02-25 15:06:00+05:30,27422.30078125,27462.25,27422.30078125,27440.0,27440.0,350
2021-02-25 15:07:00+05:30,27440.0,27440.0,27335.900390625,27370.05078125,27370.05078125,541
2021-02-25 15:08:00+05:30,27374.0,27399.900390625,27349.94921875,27360.30078125,27360.30078125,203
2021-02-25 15:09:00+05:30,27379.94921875,27379.94921875,27349.0,27349.0,27349.0,231
2021-02-25 15:10:00+05:30,27350.55078125,27386.30078125,27350.55078125,27380.400390625,27380.400390625,254
2021-02-25 15:11:00+05:30,27375.0,27429.849609375,27375.0,27414.19921875,27414.19921875,150
2021-02-25 15:12:00+05:30,27414.19921875,27470.0,27414.19921875,27469.75,27469.75,526
2021-02-25 15:13:00+05:30,27469.80078125,27480.349609375,27375.0,27432.05078125,27432.05078125,373
2021-02-25 15:14:00+05:30,27440.80078125,27449.849609375,27401.69921875,27418.099609375,27418.099609375,245
2021-02-25 15:15:00+05:30,27418.099609375,27441.599609375,27400.05078125,27433.44921875,27433.44921875,289
2021-02-25 15:16:00+05:30,27429.900390625,27471.5,27425.900390625,27430.75,27430.75,196
2021-02-25 15:17:00+05:30,27430.75,27474.349609375,27430.75,27474.349609375,27474.349609375,403
2021-02-25 15:18:00+05:30,27431.80078125,27457.25,27402.44921875,27421.0,27421.0,471
2021-02-25 15:19:00+05:30,27421.0,27469.900390625,27411.30078125,27453.69921875,27453.69921875,399
2021-02-25 15:20:00+05:30,27459.150390625,27481.900390625,27446.80078125,27481.900390625,27481.900390625,337
2021-02-25 15:21:00+05:30,27480.349609375,27499.0,27366.25,27392.5,27392.5,860
2021-02-25 15:22:00+05:30,27413.650390625,27489.94921875,27409.099609375,27489.94921875,27489.94921875,257
2021-02-25 15:23:00+05:30,27489.900390625,27529.94921875,27489.849609375,27525.0,27525.0,462
2021-02-25 15:24:00+05:30,27501.19921875,27529.94921875,27501.19921875,27529.94921875,27529.94921875,231
2021-02-25 15:25:00+05:30,27529.900390625,27548.44921875,27472.44921875,27472.599609375,27472.599609375,316
2021-02-25 15:26:00+05:30,27472.0,27536.44921875,27421.099609375,27536.44921875,27536.44921875,218
2021-02-25 15:27:00+05:30,27538.75,27538.75,27450.349609375,27460.599609375,27460.599609375,291
2021-02-25 15:28:00+05:30,27461.05078125,27548.44921875,27461.05078125,27548.44921875,27548.44921875,342
2021-02-25 15:29:00+05:30,27548.400390625,27580.0,27485.0,27485.0,27485.0,333
